Name,t0,t1,t2,t3,t4,t5,t6,t7,t8,t9,t10,t11,t12,t13,t14,t15,t16,t17,t18,t19,t20,t21,t22,t23,t24,t25,t26,t27,t28
"(2R,3R)-2,3-Dihydroxy-3-methylpentanoate",0.0,0.0,0.0,0.0,0.0,0.0,0.0,0.0,0.0,0.0,0.0,0.0,0.0,0.0,0.0,0.0,0.0,0.0,0.0,0.0,0.0,0.0,0.0,0.0,0.0,0.0,0.0,0.0,0.0
"1,5-Diaminopentane",0.0,0.0,0.0,0.0,0.0,0.0,0.0,0.0,0.0,0.0,0.0,0.0,0.0,0.0,0.0,0.0,0.0,0.0,0.0,0.0,0.0,0.0,0.0,0.0,0.0,0.0,0.0,0.0,0.0
"2,3-dihydroxybenzoylserine",0.0,0.0,0.0,0.0,0.0,0.0,0.0,0.0,0.0,0.0,0.0,0.0,0.0,0.0,0.0,0.0,0.0,0.0,0.0,0.0,0.0,0.0,0.0,0.0,0.0,0.0,0.0,0.0,0.0
2-Dehydro-3-deoxy-D-arabino-heptonate 7-phosphate,0.0,0.0,0.0,0.0,0.0,0.0,0.0,0.0,0.0,0.0,0.0,0.0,0.0,0.0,0.0,0.0,0.0,0.0,0.0,0.0,0.0,0.0,0.0,0.0,0.0,0.0,0.0,0.0,0.0
2-Isopropylmalic acid,0.0,0.0,0.0,0.0,0.0,0.0,0.0,0.0,0.0,0.0,0.0,0.0,0.0,0.0,0.0,0.0,0.0,0.0,0.0,0.0,0.0,0.0,0.0,0.0,0.0,0.0,0.0,0.0,0.0
3-Carboxy-4-methyl-2-oxopentanoate,0.0,0.0,0.0,0.0,0.0,0.0,0.0,0.0,0.0,0.0,0.0,0.0,0.0,0.0,0.0,0.0,0.0,0.0,0.0,0.0,0.0,0.0,0.0,0.0,0.0,0.0,0.0,0.0,0.0
3-Phosphoserine,0.0,0.0,0.0,0.0,0.0,0.0,0.0,0.0,0.0,0.0,0.0,0.0,0.0,0.0,0.0,0.0,0.0,0.0,0.0,0.0,0.0,0.0,0.0,0.0,0.0,0.0,0.0,0.0,0.0
4-Hydroxyphenylpyruvate,0.0,0.0,0.0,0.0,0.0,0.0,0.0,0.0,0.0,0.0,0.0,0.0,0.0,0.0,0.0,0.0,0.0,0.0,0.0,0.0,0.0,0.0,0.0,0.0,0.0,0.0,0.0,0.0,0.0
4-Methyl-2-oxovaleric acid (Ketoleucine),138.315,164.22500000000002,129.92,153.42,158.20999999999998,145.705,110.63,148.69,137.945,138.93,114.835,139.495,116.68,154.72,118.5,160.29000000000002,179.545,133.9,136.64,217.31,207.34,182.21,155.78,224.245,334.825,377.59,407.815,374.15,280.95000000000005
5-Amino-1-(5-phospho-D-ribosyl)imidazole,0.0,0.0,0.0,0.0,0.0,0.0,0.0,0.0,0.0,0.0,0.0,0.0,0.0,0.0,0.0,0.0,0.0,0.0,0.0,0.0,0.0,0.0,0.0,0.0,0.0,0.0,0.0,0.0,0.0
5-Methyltetrahydrofolic acid,0.0,0.0,0.0,0.0,0.0,0.0,0.0,0.0,0.0,0.0,0.0,0.0,0.0,0.0,0.0,0.0,0.0,0.0,0.0,0.0,0.0,0.0,0.0,0.0,0.0,0.0,0.0,0.0,0.0
5-Methylthioadenosine,0.0,0.0,0.0,0.0,0.0,0.0,0.0,0.0,0.0,0.0,0.0,0.0,0.0,0.0,0.0,0.0,0.0,0.0,0.0,0.0,0.0,0.0,0.0,0.0,0.0,0.0,0.0,0.0,0.0
"7,8-Diaminononanoate",0.0,0.0,0.0,0.0,0.0,0.0,0.0,0.0,0.0,0.0,0.0,0.0,0.0,0.0,0.0,0.0,0.0,0.0,0.0,0.0,0.0,0.0,0.0,0.0,0.0,0.0,0.0,0.0,0.0
Acetyl-CoA,1505.44,200.65,257.45,452.355,223.17,59.99,59.48,53.400000000000006,41.515,26.66,28.58,21.12,18.81,19.705,14.81,12.935,13.825,17.855,51.985,23.005,53.54,30.645,99.405,42.285,714.19,1103.025,1131.08,978.69,1043.57
Adenine,8.985,37.055,32.17,7.314999999999999,13.325,6.654999999999999,6.975,7.369999999999999,8.85,12.885,15.36,19.39,24.095,28.255000000000003,23.1,32.195,27.48,31.385,32.18,30.165,40.74,42.33,43.3,57.15,5.24,6.88,5.33,4.77,4.21
Adenosine,0.0,0.0,0.0,0.0,0.0,0.0,0.0,0.0,0.0,0.0,0.0,0.0,0.0,0.0,0.0,0.0,0.0,0.0,0.0,0.0,0.0,0.0,0.0,0.0,0.0,0.0,0.0,0.0,0.0
Adenylosuccinic acid,0.0,0.0,0.0,0.0,0.0,0.0,0.0,0.0,0.0,0.0,0.0,0.0,0.0,0.0,0.0,0.0,0.0,0.0,0.0,0.0,0.0,0.0,0.0,0.0,0.0,0.0,0.0,0.0,0.0
ADP,258.3525,503.955,615.84,414.245,305.41,425.38,628.6800000000001,574.27,587.495,647.885,689.3199999999999,650.0699999999999,622.63,667.95,442.67,686.685,535.2650000000001,621.1949999999999,490.80000000000007,505.3250000000001,489.355,437.275,631.885,563.655,261.385,265.71500000000003,220.215,209.3,187.39
a-Ketoglutaric acid,0.0,0.0,0.0,0.0,0.0,0.0,0.0,0.0,0.0,0.0,0.0,0.0,0.0,0.0,0.0,0.0,0.0,0.0,0.0,0.0,0.0,0.0,0.0,0.0,0.0,0.0,0.0,0.0,0.0
Alanine,395.75,162.34,131.57999999999998,69.035,163.905,93.28,120.87,115.43,161.05,205.05,111.675,103.405,127.195,103.535,93.91,130.32,85.925,85.96000000000001,125.545,90.715,94.115,67.45,65.95,57.475,41.13,78.535,204.02,94.44,177.63
AMP,70.72999999999999,326.31,241.25,110.72,104.665,207.975,315.71,536.81,570.06,629.5699999999999,693.9849999999999,748.6949999999999,753.6700000000001,585.0550000000001,651.54,768.005,562.2,578.625,395.485,439.82,419.235,461.08,648.88,685.89,83.795,86.36500000000001,83.185,76.675,62.115
Arginine,152.5075,213.925,171.935,217.135,306.135,108.16,82.69999999999999,115.99,207.45,246.8,287.685,287.735,318.625,350.41,302.92499999999995,380.77,302.545,302.625,299.05,296.32500000000005,267.42499999999995,263.32,265.51,301.255,93.255,40.29,179.31,139.86,88.2
Argininosuccinic acid,175.885,12.46,4.98,6.215,6.359999999999999,1.7999999999999998,1.015,0.92,1.59,1.72,1.4449999999999998,1.815,1.7,2.145,2.095,2.635,2.435,2.12,2.065,2.6,2.65,2.335,1.46,1.785,208.905,441.145,271.58,307.095,383.1950000000001
Asparagine,499.4,1588.87,1346.505,1148.99,1356.255,1213.025,966.345,950.985,1011.93,1153.44,882.18,1076.405,997.75,850.825,935.96,868.2049999999999,789.2550000000001,738.715,664.135,567.0,568.1800000000001,513.545,486.295,447.98,500.485,471.46,883.7049999999999,673.7449999999999,390.9
Aspartic acid,1999.4175,8089.48,3438.815,2834.9300000000003,3295.295,2190.735,1411.755,1457.245,1551.095,1225.825,1065.97,896.25,1046.615,765.7,710.8299999999999,706.46,586.3,577.565,415.53,331.925,282.35,213.565,198.51,256.91,784.395,918.83,1302.88,1437.9050000000002,1066.415
ATP,1549.6025,840.69,1274.66,964.995,888.8900000000001,503.79,604.065,602.155,440.205,481.9,542.9300000000001,336.475,498.325,435.3,268.265,380.33,313.97,380.485,354.33000000000004,358.72,405.375,372.335,462.59,406.735,1274.325,1149.285,1081.36,1161.265,1281.31
cAMP,2.97,111.38,110.48,110.1,69.175,59.22,47.595,44.17,47.7,36.56,45.895,38.035,45.755,46.355,41.725,48.925,37.78,34.364999999999995,36.66,37.36,48.855,34.735,37.8,66.83500000000001,33.115,30.200000000000003,27.07,26.375,21.085
CDP,30.6775,21.245,27.71,30.625,22.16,26.445,29.205,25.045,20.035,26.855,16.935,27.195,20.495,18.155,25.055,33.8,17.015,16.95,31.275,11.605,22.565,21.97,19.065,9.05,12.125,8.7,18.145,23.345,18.175
Citrate,1710.965,838.09,948.665,964.51,865.81,680.0450000000001,592.2249999999999,466.145,506.7,460.945,459.765,763.89,931.56,573.88,654.14,578.4449999999999,432.21,527.605,563.385,527.59,624.01,552.56,540.91,681.5450000000001,6931.865,7901.375,5516.42,4223.16,2593.585
Citrulline,176.23749999999998,54.4,25.475,24.825000000000003,29.915,15.545,12.3,9.095,19.79,18.885,11.64,12.7,16.375,18.985,10.75,13.84,13.3,22.12,20.79,12.65,21.4,14.045,15.07,13.95,188.58,424.295,207.575,245.6,303.785
CMP,788.2149999999999,255.465,302.15,263.4,137.095,237.645,261.87,234.92,267.75,238.7,223.96,235.365,223.295,176.695,190.83,202.29,185.86,200.435,164.175,154.1,158.83499999999998,142.70999999999998,158.725,193.89,476.485,374.1,518.89,560.335,605.095
Coenzyme A,104.995,241.2,296.595,221.815,238.59,284.21500000000003,311.935,294.295,251.155,255.2,375.69,325.535,520.335,376.92,433.115,442.525,315.13,424.68,471.185,369.835,381.33,419.925,519.125,381.835,324.9,157.79500000000002,180.265,127.115,113.245
CTP,861.9699999999999,585.1700000000001,1011.325,812.75,551.01,442.42,403.795,408.21,346.185,388.61,413.86,301.67,345.52,323.235,366.595,377.385,342.005,408.66,474.455,398.395,394.92,351.03,331.985,509.135,1336.6950000000002,1251.99,1673.36,1789.37,1333.765
Cytidine,1.095,3.75,2.2,1.5,1.81,1.96,4.235,2.22,3.285,2.4,4.0,2.905,4.495,2.72,3.365,5.23,2.415,3.235,2.02,2.365,2.175,2.1,3.555,2.99,1.4500000000000002,1.2000000000000002,1.41,0.8999999999999999,1.15
Cytosine,4.8525,7.455,5.995,4.485,4.715,6.035,7.11,4.725,4.84,4.994999999999999,5.39,7.800000000000001,7.395,4.97,5.48,4.73,7.915,4.665,5.07,4.640000000000001,5.65,4.99,4.720000000000001,4.635,8.165000000000001,6.825,6.68,5.675000000000001,4.574999999999999
D-Alanyl-Alanine,102.71,116.595,38.89,16.235,12.385000000000002,30.205,51.335,67.88499999999999,75.305,72.17500000000001,50.36,53.19,54.65,49.42,53.175,50.14,36.36,32.87,60.33,47.97,38.32,22.58,17.035,16.085,7.055,5.295,40.84,31.765,37.135000000000005
dCMP,0.0,0.0,0.0,0.0,0.0,0.0,0.0,0.0,0.0,0.0,0.0,0.0,0.0,0.0,0.0,0.0,0.0,0.0,0.0,0.0,0.0,0.0,0.0,0.0,0.0,0.0,0.0,0.0,0.0
Deoxyribose-P,0.0,0.0,0.0,0.0,0.0,0.0,0.0,0.0,0.0,0.0,0.0,0.0,0.0,0.0,0.0,0.0,0.0,0.0,0.0,0.0,0.0,0.0,0.0,0.0,0.0,0.0,0.0,0.0,0.0
Diaminopimelic acid,108.3425,38.895,19.58,11.0,7.585,9.565,5.404999999999999,4.97,3.955,4.57,3.065,3.42,3.41,2.72,2.71,2.85,2.455,2.965,3.02,2.71,3.355,2.42,2.65,2.69,41.74,143.4,67.82,78.63,93.57
Dihydroneopterin,0.0,0.0,0.0,0.0,0.0,0.0,0.0,0.0,0.0,0.0,0.0,0.0,0.0,0.0,0.0,0.0,0.0,0.0,0.0,0.0,0.0,0.0,0.0,0.0,0.0,0.0,0.0,0.0,0.0
Dihydroorotate,3881.7175,798.095,184.265,67.10499999999999,78.745,76.65,65.685,57.33,96.42,62.88,74.52,63.575,76.955,71.57,63.39,71.33,40.28,58.705,64.21000000000001,54.865,56.92,41.33,32.15,50.575,375.665,95.52,63.80499999999999,76.27000000000001,1011.505
Dihydropteroate,0.0,0.0,0.0,0.0,0.0,0.0,0.0,0.0,0.0,0.0,0.0,0.0,0.0,0.0,0.0,0.0,0.0,0.0,0.0,0.0,0.0,0.0,0.0,0.0,0.0,0.0,0.0,0.0,0.0
Dihydroxyacetone-P,1666.115,278.425,341.615,197.935,190.72,285.385,273.58500000000004,237.915,265.545,227.51,197.29,200.29,195.61,214.0,249.205,228.145,213.705,222.22,176.85500000000002,178.245,147.01999999999998,198.525,154.42000000000002,119.83,1161.22,1746.66,1437.96,1356.495,1709.035
D-Pantothenic acid,65.9075,182.615,152.585,114.945,112.86,149.49,187.125,219.095,188.745,207.655,200.94,228.185,198.58,201.335,204.635,191.84,178.805,209.94,183.75,134.115,143.34,132.025,149.85500000000002,170.825,68.545,56.955,88.16,64.245,63.075
dTDP,0.0,0.0,0.0,0.0,0.0,0.0,0.0,0.0,0.0,0.0,0.0,0.0,0.0,0.0,0.0,0.0,0.0,0.0,0.0,0.0,0.0,0.0,0.0,0.0,0.0,0.0,0.0,0.0,0.0
Erythrose 4-P,48.4125,39.56999999999999,36.94,36.885,39.745000000000005,35.405,44.825,47.790000000000006,43.415,38.325,48.5,49.035,63.075,59.385000000000005,74.9,50.56999999999999,49.855,61.075,58.63,63.785,79.32,74.835,71.0,85.55,80.13,69.8,73.14,81.395,61.17
Flavin adenine dinucleotide,0.0,0.0,0.0,0.0,0.0,0.0,0.0,0.0,0.0,0.0,0.0,0.0,0.0,0.0,0.0,0.0,0.0,0.0,0.0,0.0,0.0,0.0,0.0,0.0,0.0,0.0,0.0,0.0,0.0
"Fructose-1,6-Bisphosphate",2543.28,352.13,83.60499999999999,68.95,65.66,59.025,36.93,30.02,44.2,41.77,33.61,28.31,52.915000000000006,47.545,37.63,48.835,36.15,42.125,48.34,32.135000000000005,41.115,36.86,37.03,46.31,1139.355,2437.365,1602.06,1798.44,1940.19
Fumarate,1504.265,324.77,286.27,252.695,230.705,224.505,191.56,198.66,155.02499999999998,178.93,192.74,213.79,210.525,181.06,233.71,201.985,175.12,222.915,248.475,282.33500000000004,238.42,250.575,238.375,169.83499999999998,1710.505,2652.9,2041.975,1653.86,2011.77
GABA,304.12,120.84,123.29,171.65,195.815,390.03,519.99,479.115,494.065,375.87,278.71,159.985,139.22,91.995,94.645,80.31,60.085,54.845,80.945,81.88499999999999,81.80000000000001,104.54,96.465,110.63,139.78500000000005,144.175,173.99,258.105,320.305
gamma-Glutamyl-cysteine,0.0,0.0,0.0,0.0,0.0,0.0,0.0,0.0,0.0,0.0,0.0,0.0,0.0,0.0,0.0,0.0,0.0,0.0,0.0,0.0,0.0,0.0,0.0,0.0,0.0,0.0,0.0,0.0,0.0
GDP,18.8525,25.37,21.86,14.63,13.445,10.1,14.45,17.47,26.200000000000003,19.42,20.925,18.59,23.555,31.845,28.13,23.4,28.18,31.935,36.605,37.370000000000005,42.235,30.16,27.03,43.505,15.91,20.045,14.265,14.05,13.155
Glutamic acid,32990.045,27069.370000000003,23866.075,28449.2,33749.565,24366.315,17597.01,13346.31,8384.1,7028.639999999999,4716.26,3552.165,2708.6400000000003,2066.16,2027.45,2418.4750000000004,1995.08,2411.78,4642.129999999999,5832.215,5659.08,5767.425,5275.74,5153.504999999999,32850.605,39576.805,42180.7,41419.575,34238.215
Glutamine,3809.09,924.835,638.6949999999999,1710.425,2472.365,1251.225,1033.42,716.14,533.935,491.71,279.81,210.63,130.68,109.095,87.735,89.19,79.875,92.07,230.35,249.685,200.125,155.16,127.98,115.445,4556.245,5430.87,6327.16,4781.49,3496.005
Glycerol 3-Phosphate,0.0,0.0,0.0,0.0,0.0,0.0,0.0,0.0,0.0,0.0,0.0,0.0,0.0,0.0,0.0,0.0,0.0,0.0,0.0,0.0,0.0,0.0,0.0,0.0,0.0,0.0,0.0,0.0,0.0
Glycine,432.3625,479.945,461.875,318.39,1044.3,233.63,263.04,240.86,448.29,574.8199999999999,257.57,228.335,283.345,235.01,309.20500000000004,300.69500000000005,195.775,220.685,328.885,266.415,267.29,214.905,181.07,239.88,381.985,359.255,807.775,443.105,308.295
Glycolaldehyde,0.0,0.0,0.0,0.0,0.0,0.0,0.0,0.0,0.0,0.0,0.0,0.0,0.0,0.0,0.0,0.0,0.0,0.0,0.0,0.0,0.0,0.0,0.0,0.0,0.0,0.0,0.0,0.0,0.0
GMP,4.125,27.71,16.15,5.42,3.395,9.87,16.275,22.805,24.685,30.295,36.685,34.88,45.185,42.195,52.97,52.685,41.265,58.805,49.855,43.29,45.545,45.665000000000006,55.400000000000006,65.78999999999999,3.975,6.37,4.07,4.45,3.325
GTP,364.995,108.19,120.835,88.28,73.80000000000001,46.355,43.435,47.985,36.95,39.8,35.93,29.92,35.595,42.5,39.46,40.72,48.66,63.355,59.965,47.025,52.11,64.46000000000001,65.27499999999999,62.72,321.18,378.1,255.865,400.545,433.43
Guanine,4.025,155.99,148.855,136.715,154.075,162.66000000000005,173.985,207.355,228.675,185.28500000000005,173.625,175.715,138.615,115.625,49.05500000000001,35.64,22.64,20.975,22.25,28.77,37.435,37.2,36.275,46.28,22.655,11.155,14.63,15.585,9.835
Guanosine,0.5225,1.85,1.205,0.6699999999999999,1.05,1.25,1.505,1.12,1.085,0.89,1.38,1.93,1.5799999999999998,1.735,1.805,1.905,1.225,1.715,1.38,1.5699999999999998,1.805,1.735,2.35,2.56,2.395,1.105,2.66,2.095,1.63
Hexose-Phosphate,0.0,0.0,0.0,0.0,0.0,0.0,0.0,0.0,0.0,0.0,0.0,0.0,0.0,0.0,0.0,0.0,0.0,0.0,0.0,0.0,0.0,0.0,0.0,0.0,0.0,0.0,0.0,0.0,0.0
Histidine,69.7375,93.445,24.48,45.18,149.54,37.885000000000005,53.81,116.835,263.185,523.21,564.6,1164.13,1492.29,1932.055,2435.735,3278.495,2940.35,3257.9700000000003,4122.72,3384.935,3581.305,3765.34,3365.215,3111.39,558.985,601.38,706.385,372.185,36.23
Histidinol,10.6825,1.2000000000000002,1.4500000000000002,0.865,1.395,0.76,0.745,0.63,0.86,0.755,0.74,0.725,0.895,0.985,0.5,0.77,0.5349999999999999,0.53,0.75,0.67,0.6000000000000001,0.585,0.585,0.675,0.56,0.38,0.465,0.4499999999999999,5.73
Homoserine,237.775,222.56,156.25,184.16000000000005,244.32,81.265,70.525,63.68,75.815,85.185,64.775,81.99000000000001,86.42500000000001,84.125,87.035,88.755,76.83500000000001,81.42500000000001,98.805,76.07,73.035,66.91499999999999,64.605,62.885,148.0,194.735,502.975,197.915,208.265
Hypoxanthine,0.77,20.19,36.195,37.295,47.21,33.89,34.41,35.275000000000006,49.245,46.785,58.505,83.07499999999999,111.495,163.42,209.68,237.09,213.4,278.995,314.635,299.94500000000005,310.02,362.175,322.765,434.48,162.69,1.215,2.78,1.375,0.7250000000000001
IMP,50.440000000000005,18.39,15.625,6.415,6.415,12.615,21.25,24.245,38.78,43.49,44.82,34.22,33.855000000000004,45.925,34.44,43.32,34.785,32.84,27.6,24.53,33.114999999999995,29.235,34.845,41.315,26.27,58.975,19.04,16.705,53.085
Inosine,0.7,0.485,0.415,0.255,0.51,0.205,0.225,0.205,0.215,0.16,0.27,0.305,0.5,0.46,0.6000000000000001,1.145,0.87,1.275,1.615,2.2750000000000004,1.805,2.185,2.3,2.585,6.36,0.4549999999999999,0.3299999999999999,0.335,0.79
Inosine diphosphate,0.0,0.0,0.0,0.0,0.0,0.0,0.0,0.0,0.0,0.0,0.0,0.0,0.0,0.0,0.0,0.0,0.0,0.0,0.0,0.0,0.0,0.0,0.0,0.0,0.0,0.0,0.0,0.0,0.0
Isopentenyl diphosphate / Dimethylallyl diphosphate,0.0,0.0,0.0,0.0,0.0,0.0,0.0,0.0,0.0,0.0,0.0,0.0,0.0,0.0,0.0,0.0,0.0,0.0,0.0,0.0,0.0,0.0,0.0,0.0,0.0,0.0,0.0,0.0,0.0
Leucine/Isoleucine,245.5125,176.55,136.54500000000002,146.705,314.295,140.95499999999998,174.935,233.705,452.77,791.825,578.73,718.91,649.39,675.92,700.3399999999999,744.885,647.55,737.9100000000001,828.855,750.4200000000001,925.38,915.27,792.03,1440.05,2045.555,1932.38,1616.73,212.08,132.7
Lysine,666.9,609.955,899.2149999999999,932.995,1328.99,1070.08,893.54,908.945,950.025,1096.87,1328.355,1366.36,1937.28,2311.635,2649.4300000000003,2998.7700000000004,2739.0550000000003,3049.405,3214.04,3521.91,3168.69,2679.88,2374.965,2738.15,666.82,360.605,918.145,699.6949999999999,388.695
Malate,2124.92,548.915,274.48,251.06,218.09,106.94,95.985,71.475,84.95,85.91,81.08500000000001,83.995,93.965,80.475,100.185,75.07499999999999,75.9,61.37,58.295,74.94999999999999,58.7,60.845,70.38,58.82,1059.675,2048.805,1754.81,1523.14,1982.985
Methionine,54.975,53.26,30.535000000000004,39.455,51.595,30.8,31.21,27.51,27.96,28.285,32.125,59.665,109.105,105.87,133.7,162.14999999999998,206.915,238.9,383.67,364.725,470.165,366.385,400.435,491.04,441.045,356.705,33.5,31.575,31.07
N2-Succinyl-arginine,0.0,0.0,0.0,0.0,0.0,0.0,0.0,0.0,0.0,0.0,0.0,0.0,0.0,0.0,0.0,0.0,0.0,0.0,0.0,0.0,0.0,0.0,0.0,0.0,0.0,0.0,0.0,0.0,0.0
N2-Succinyl-glutamate,0.0,0.0,0.0,0.0,0.0,0.0,0.0,0.0,0.0,0.0,0.0,0.0,0.0,0.0,0.0,0.0,0.0,0.0,0.0,0.0,0.0,0.0,0.0,0.0,0.0,0.0,0.0,0.0,0.0
N-Acetyl-D-Glucosamine-P,0.0,0.0,0.0,0.0,0.0,0.0,0.0,0.0,0.0,0.0,0.0,0.0,0.0,0.0,0.0,0.0,0.0,0.0,0.0,0.0,0.0,0.0,0.0,0.0,0.0,0.0,0.0,0.0,0.0
N-Acetyl-Glutamic acid,0.0,0.0,0.0,0.0,0.0,0.0,0.0,0.0,0.0,0.0,0.0,0.0,0.0,0.0,0.0,0.0,0.0,0.0,0.0,0.0,0.0,0.0,0.0,0.0,0.0,0.0,0.0,0.0,0.0
N-acetylmuramate,0.0,0.0,0.0,0.0,0.0,0.0,0.0,0.0,0.0,0.0,0.0,0.0,0.0,0.0,0.0,0.0,0.0,0.0,0.0,0.0,0.0,0.0,0.0,0.0,0.0,0.0,0.0,0.0,0.0
N-Acetyl-Ornithine,0.0,0.0,0.0,0.0,0.0,0.0,0.0,0.0,0.0,0.0,0.0,0.0,0.0,0.0,0.0,0.0,0.0,0.0,0.0,0.0,0.0,0.0,0.0,0.0,0.0,0.0,0.0,0.0,0.0
N-Acetylputrescine,0.0,0.0,0.0,0.0,0.0,0.0,0.0,0.0,0.0,0.0,0.0,0.0,0.0,0.0,0.0,0.0,0.0,0.0,0.0,0.0,0.0,0.0,0.0,0.0,0.0,0.0,0.0,0.0,0.0
NAD,2124.925,1680.925,1897.985,1891.995,1714.675,1965.715,2217.515,2056.655,2508.61,2333.135,2142.19,2488.25,2589.405,2398.46,3186.795,3058.87,2407.525,2758.835,2893.995,2783.06,3093.695,2863.175,3075.275,2968.83,2426.875,2617.895,2594.375,2472.01,2041.895
NADH,25.9475,6.885,8.315,6.355,8.215,4.26,7.834999999999999,6.19,5.77,4.9350000000000005,3.1100000000000003,4.7,5.734999999999999,8.149999999999999,6.28,6.39,8.344999999999999,8.06,7.15,4.585,3.99,7.835,4.359999999999999,4.7,30.24,27.105,17.814999999999998,13.795,57.13
NADP,219.31,230.385,335.545,195.68,182.03,208.29,321.675,255.2,251.455,253.55,381.275,255.14,305.595,278.76,220.395,297.74,208.215,242.835,226.24,190.51,184.0,171.975,307.67,244.93,167.64499999999998,118.955,119.53,91.35,114.505
NADPH,180.42,106.315,119.27,206.835,95.855,72.595,42.150000000000006,34.37,49.175,41.685,60.0,53.56999999999999,67.08500000000001,75.72,16.285,46.650000000000006,39.72,41.565,23.565,42.235,42.38,37.605,34.3,27.695,701.255,327.68,297.155,232.94,143.975
N-Carbamoyl-aspartate,0.0,0.0,0.0,0.0,0.0,0.0,0.0,0.0,0.0,0.0,0.0,0.0,0.0,0.0,0.0,0.0,0.0,0.0,0.0,0.0,0.0,0.0,0.0,0.0,0.0,0.0,0.0,0.0,0.0
N-Succinyl-2-amino-6-oxopimelate,0.0,0.0,0.0,0.0,0.0,0.0,0.0,0.0,0.0,0.0,0.0,0.0,0.0,0.0,0.0,0.0,0.0,0.0,0.0,0.0,0.0,0.0,0.0,0.0,0.0,0.0,0.0,0.0,0.0
O-Acetyl-Serine,0.0,0.0,0.0,0.0,0.0,0.0,0.0,0.0,0.0,0.0,0.0,0.0,0.0,0.0,0.0,0.0,0.0,0.0,0.0,0.0,0.0,0.0,0.0,0.0,0.0,0.0,0.0,0.0,0.0
Ornithine,0.0,0.0,0.0,0.0,0.0,0.0,0.0,0.0,0.0,0.0,0.0,0.0,0.0,0.0,0.0,0.0,0.0,0.0,0.0,0.0,0.0,0.0,0.0,0.0,0.0,0.0,0.0,0.0,0.0
Orotate,5470.6625,799.325,1078.61,339.565,275.64,297.6,296.355,351.04,547.05,456.715,477.23,448.325,473.245,532.505,400.065,418.215,335.825,327.31,487.355,414.315,592.0450000000001,458.725,435.49,642.245,600.625,378.5700000000001,393.205,422.6,1004.275
O-Succinyl-homoserine,0.0,0.0,0.0,0.0,0.0,0.0,0.0,0.0,0.0,0.0,0.0,0.0,0.0,0.0,0.0,0.0,0.0,0.0,0.0,0.0,0.0,0.0,0.0,0.0,0.0,0.0,0.0,0.0,0.0
Oxidized glutathione,324.83000000000004,727.565,848.835,716.49,558.715,755.645,661.095,720.24,584.37,609.1700000000001,624.505,579.365,648.3,466.1,618.66,608.105,457.435,398.22,366.205,291.285,334.475,335.185,326.15,332.58,422.415,391.01,270.275,153.13,254.375
Pentose-P,165.3275,19.86,15.775,9.62,9.28,10.425,11.53,8.115,6.34,6.720000000000001,4.095,4.98,4.3,5.365,4.779999999999999,5.46,4.44,5.1,4.484999999999999,7.145,9.64,9.095,9.43,11.085,63.48,87.82,134.63,167.055,265.285
Phenylalanine,102.9,73.125,72.80000000000001,103.955,229.705,91.2,127.775,202.915,377.855,665.615,709.37,1016.785,985.605,861.625,841.655,897.425,866.41,761.035,1090.975,1061.835,996.61,994.35,1012.06,1158.585,1274.27,1274.31,1272.2199999999998,101.805,70.095
Phosphoenolpyruvate,143.805,3301.45,3807.89,1583.14,1724.405,3512.005,3333.735,3392.155,3362.435,2932.52,2809.56,3143.705,2845.07,2721.96,2423.235,2630.95,2222.83,2510.485,1982.675,1907.05,1699.71,1680.74,1219.6799999999998,1773.76,178.385,146.06,151.555,152.885,93.975
Phosphoribosyl-ATP,0.0,0.0,0.0,0.0,0.0,0.0,0.0,0.0,0.0,0.0,0.0,0.0,0.0,0.0,0.0,0.0,0.0,0.0,0.0,0.0,0.0,0.0,0.0,0.0,0.0,0.0,0.0,0.0,0.0
p-Hydroxybenzoic acid,0.0,0.0,0.0,0.0,0.0,0.0,0.0,0.0,0.0,0.0,0.0,0.0,0.0,0.0,0.0,0.0,0.0,0.0,0.0,0.0,0.0,0.0,0.0,0.0,0.0,0.0,0.0,0.0,0.0
Proline,390.0475,136.555,81.43,119.025,210.72,94.065,81.28,81.75999999999999,103.59,192.12,133.725,123.885,139.105,114.325,131.135,143.095,126.435,97.1,127.29,100.085,73.035,78.695,65.54499999999999,62.11,174.725,228.225,386.03,396.355,407.125
Propionyl-CoA ,0.0,0.0,0.0,0.0,0.0,0.0,0.0,0.0,0.0,0.0,0.0,0.0,0.0,0.0,0.0,0.0,0.0,0.0,0.0,0.0,0.0,0.0,0.0,0.0,0.0,0.0,0.0,0.0,0.0
Protoheme,0.0,0.0,0.0,0.0,0.0,0.0,0.0,0.0,0.0,0.0,0.0,0.0,0.0,0.0,0.0,0.0,0.0,0.0,0.0,0.0,0.0,0.0,0.0,0.0,0.0,0.0,0.0,0.0,0.0
Pyridoxamine,0.0,0.0,0.0,0.0,0.0,0.0,0.0,0.0,0.0,0.0,0.0,0.0,0.0,0.0,0.0,0.0,0.0,0.0,0.0,0.0,0.0,0.0,0.0,0.0,0.0,0.0,0.0,0.0,0.0
Pyridoxamine 5-Phosphate,0.0,0.0,0.0,0.0,0.0,0.0,0.0,0.0,0.0,0.0,0.0,0.0,0.0,0.0,0.0,0.0,0.0,0.0,0.0,0.0,0.0,0.0,0.0,0.0,0.0,0.0,0.0,0.0,0.0
Reduced glutathione,6916.2875,5683.015,4985.67,5812.375,6575.695,7053.51,6496.17,6437.29,5284.73,6145.04,6084.59,5315.145,5508.6900000000005,5016.335,5003.875,5742.030000000001,5502.985,5185.145,5251.139999999999,4756.389999999999,4462.1,4936.81,4988.34,4673.895,4390.005,3937.095,2624.675,891.51,2779.755
Riboflavin,0.0,0.0,0.0,0.0,0.0,0.0,0.0,0.0,0.0,0.0,0.0,0.0,0.0,0.0,0.0,0.0,0.0,0.0,0.0,0.0,0.0,0.0,0.0,0.0,0.0,0.0,0.0,0.0,0.0
S-Adenosyl-homocysteine,0.0,0.0,0.0,0.0,0.0,0.0,0.0,0.0,0.0,0.0,0.0,0.0,0.0,0.0,0.0,0.0,0.0,0.0,0.0,0.0,0.0,0.0,0.0,0.0,0.0,0.0,0.0,0.0,0.0
S-Adenosylmethionine,0.0,0.0,0.0,0.0,0.0,0.0,0.0,0.0,0.0,0.0,0.0,0.0,0.0,0.0,0.0,0.0,0.0,0.0,0.0,0.0,0.0,0.0,0.0,0.0,0.0,0.0,0.0,0.0,0.0
Seduheptulose 7-P,161.73000000000002,53.13,43.45,40.1,46.405,55.7,40.87,26.875,16.975,19.885,14.475,12.6,6.555,7.535,10.105,11.09,8.545,6.035,6.635,9.21,7.54,4.92,8.36,8.504999999999999,138.06,194.53,182.615,143.36,138.905
Semicarbazide,0.0,0.0,0.0,0.0,0.0,0.0,0.0,0.0,0.0,0.0,0.0,0.0,0.0,0.0,0.0,0.0,0.0,0.0,0.0,0.0,0.0,0.0,0.0,0.0,0.0,0.0,0.0,0.0,0.0
Serine,450.0075,343.165,219.765,214.22,1243.495,233.255,239.175,202.905,591.15,277.125,227.135,181.065,255.15500000000003,194.965,172.285,348.795,166.20499999999998,198.74,322.32,222.63,234.195,188.595,194.405,183.09,378.055,408.975,484.025,386.46,277.015
Succinate,217.805,125.995,66.905,93.18,125.555,92.375,80.88,52.25,52.195,129.64499999999998,60.245,88.8,130.825,82.78,216.645,80.995,42.19,122.965,53.545,80.775,65.50999999999999,58.035,87.695,50.035,174.79000000000002,402.95,218.8,131.13,206.755
Succinyl-CoA,0.0,0.0,0.0,0.0,0.0,0.0,0.0,0.0,0.0,0.0,0.0,0.0,0.0,0.0,0.0,0.0,0.0,0.0,0.0,0.0,0.0,0.0,0.0,0.0,0.0,0.0,0.0,0.0,0.0
Tryptophan,24.387500000000003,15.325,8.195,12.505,39.19,14.5,23.025,44.57,79.10499999999999,167.815,105.955,188.25,228.18,217.54,273.74,344.415,286.22,258.14,350.915,299.79999999999995,342.35,323.58,293.45000000000005,347.545,144.84500000000003,132.7,91.075,18.79,18.805
Tyrosine,215.8325,129.85,227.44,304.13,464.61,286.97,335.59000000000003,390.575,499.76,707.97,875.32,1451.2,1986.925,2224.37,2188.815,2750.71,2485.29,2946.29,2671.215,2360.3,2749.14,2353.1400000000003,2334.31,3179.56,2232.31,1293.99,103.675,315.355,230.025
UDP,121.045,276.62,363.46,172.405,153.865,196.755,243.415,284.515,328.475,305.305,416.645,285.54,319.38,292.265,287.505,274.625,208.015,205.45,184.18,198.445,185.46,201.52,220.525,297.395,111.825,120.785,96.525,124.2,103.645
UDP-Glucose,0.0,0.0,0.0,0.0,0.0,0.0,0.0,0.0,0.0,0.0,0.0,0.0,0.0,0.0,0.0,0.0,0.0,0.0,0.0,0.0,0.0,0.0,0.0,0.0,0.0,0.0,0.0,0.0,0.0
UDP-N-acetyl-D-Glucosamine,671.015,445.71,354.325,323.73,296.84000000000003,212.695,203.695,154.46,140.69,156.41500000000002,117.395,106.295,96.5,85.265,63.285,74.185,69.815,59.8,90.53,117.635,87.25,103.46,86.75,90.155,970.04,1169.755,869.74,957.8,653.615
UDP-N-acetylmuramoyl-alanine,0.0,0.0,0.0,0.0,0.0,0.0,0.0,0.0,0.0,0.0,0.0,0.0,0.0,0.0,0.0,0.0,0.0,0.0,0.0,0.0,0.0,0.0,0.0,0.0,0.0,0.0,0.0,0.0,0.0
UMP,70.9475,333.70000000000005,237.74,154.29500000000002,152.16000000000005,231.58,226.22,270.7,303.055,259.395,226.085,289.875,238.825,190.59,261.94,226.815,207.39,244.73,145.20499999999998,168.235,180.04000000000002,190.235,192.445,261.005,103.455,141.10000000000002,122.475,116.36,61.39
Urea,0.0,0.0,0.0,0.0,0.0,0.0,0.0,0.0,0.0,0.0,0.0,0.0,0.0,0.0,0.0,0.0,0.0,0.0,0.0,0.0,0.0,0.0,0.0,0.0,0.0,0.0,0.0,0.0,0.0
UTP,1135.7624999999998,1044.755,1556.145,1369.17,1062.77,717.19,644.63,712.725,442.555,496.25,540.775,265.665,367.33,415.21,314.365,361.295,326.555,319.34000000000003,355.555,346.22,374.88,240.485,385.77,450.495,2217.66,2438.52,1366.84,2177.26,1554.3049999999998
Valine,565.65,208.665,170.16,80.18,213.16,239.09500000000003,280.385,430.52,767.11,792.98,895.125,1057.305,1207.395,1333.885,1368.97,1595.205,1274.485,1454.605,1580.33,1388.255,1908.24,1622.215,1460.44,2229.48,3124.775,3230.705,4180.11,108.895,299.215
Xanthosine,0.0,0.0,0.0,0.0,0.0,0.0,0.0,0.0,0.0,0.0,0.0,0.0,0.0,0.0,0.0,0.0,0.0,0.0,0.0,0.0,0.0,0.0,0.0,0.0,0.0,0.0,0.0,0.0,0.0
Xanthosine 5-P,0.0,0.0,0.0,0.0,0.0,0.0,0.0,0.0,0.0,0.0,0.0,0.0,0.0,0.0,0.0,0.0,0.0,0.0,0.0,0.0,0.0,0.0,0.0,0.0,0.0,0.0,0.0,0.0,0.0
