Name,20,21,22,23,24,25,60,61,62,63,64,65,66
1,1088.375,713.875,1719.166667,1046.875,327.5,1179.5,3082.5,1101.3,2229.5,2252.5,1331.357143,1529.75,2297.5
2,4022.125,6889.125,4004.666667,6003.125,5112.5,3308,4666.5,3844.5,4232.5,4479.5,4369.642857,4550.25,4433
3,5506,18028.625,5121.833333,6331.125,4790.5,5423.5,5619.5,5885.9,5523.625,5806,5173.857143,5762.75,6294.5
4,2551.375,3670.0625,2686.333333,4119.75,3125,2597.5,3917.5,2826.9,3103.25,4025.5,3092.357143,3133,3182
5,2897,2970.8125,2135.5,2497.5,1259.5,2580.666667,3369,2709.1,2812.125,2887.5,2836.714286,2253.625,4266.5
6,1118.25,1451.1875,1302.333333,1623.875,1852,1438.333333,1814,1465,1667,2312,1675.428571,1493.125,1700.5
7,1306.125,1665.875,1604.833333,1777.625,2163,1708.5,2800,1727,2220,3144.5,2141.5,1993.25,2431
8,4532.875,13047.75,4216.5,6580.75,4438,4733.5,3572.5,4426.2,4816.625,4639,4109.214286,4271.375,4498.5
9,4117.125,3311.875,3327.166667,5546.25,4078.5,2819.5,5142.5,3791.5,3702.875,5201.5,4198.785714,3799.75,3584.5
10,2141.875,1765.8125,1546.166667,2489.25,2072.5,1537.833333,2327.5,1867.6,1922,2311.5,2069.785714,1864,1836.5
11,1762.375,2207.25,1783.833333,4023.75,2984.5,1422.333333,1698,2045.9,1740.875,3366,2309.5,2294.5,1546.5
12,2574.625,3511.875,2526.833333,4921,4147.5,2698.5,3543,2555.2,3010,4204,3345.357143,3372.125,2813
Glycine,4407.5,4011.8125,5136,3785.875,2773.5,3970.666667,11195.5,4532.5,6712.25,9266,6689.071429,6002.875,7503.5
14,1563.5,1417.9375,1451.333333,1420.125,884.5,1332.333333,1924,1362.4,1730.625,1461,1602.214286,1484.5,1351.5
15,1980.625,1783.625,2467.833333,1997.875,975,1425.5,1336,2092.8,2186.75,1977,1631.142857,1969.625,1881
16,2745.875,2829.375,2249.833333,3460.25,2779,2392.333333,2184.5,2295.1,2834.125,4344,2791,2219.625,2543.5
17,3657.75,4165.375,4155.666667,2783,1497.5,3481.166667,2666,3079.1,3325.75,2249,2984.571429,3021.75,3254.5
18,4432.125,5217.75,4257.333333,5428.375,5349.5,4133.166667,5318.5,4521.2,4522.625,5108.5,4627.142857,4787.375,4744.5
19,1246.25,1747.5625,1125,1905.375,2174,1364.833333,2342.5,1467.3,1329.25,2037.5,1559.071429,1404.625,1444.5
20,3477,3608.4375,2948.666667,2858,4126,3410.5,1596.5,3152.9,3364,1677,2986.142857,3154.125,3513
21,20215.75,23634.0625,27320,23726.375,13576.5,20303.16667,49575,22786.7,34584.75,46351.5,32277.42857,28597,47442
22,2819.375,3180.5,2158.5,2366.5,3111,2644,1323,2399.3,2572.5,2168,2767.071429,2679.625,4223.5
23,2779.25,3543.1875,2147.333333,3210.75,2978,2568.333333,1568.5,2586.7,2603.375,2767,2960.071429,2899.625,3279.5
24,49445.25,46042.5625,59540.83333,52492.875,42186,35779.66667,36383,50665,48472.5,34625,55639.78571,44878.75,87371
Glycerol,3903.375,11132,3933.5,5769,5383.5,3826.666667,3524,4440.8,3438.625,4041.5,4317.571429,4027.125,4026
26,3440.25,6307.1875,3003.833333,2070.5,2352.5,3479.666667,1331.5,2730.3,2473.75,1611,2118.928571,2830,3153
27,14220.625,96925.4375,12823.16667,19021.875,13225.5,12745.66667,12998,13547.6,13545.125,15000,13602.07143,11922.5,15410.5
28,9434,34888.5625,6888.833333,13690.75,9211,7065.333333,11339,11020.6,6847,8036,8795.714286,7808.375,9065.5
29,1418.5,1345.125,1571.333333,1320,1377,1351.666667,1457.5,1260.1,1328.125,1728,1628.357143,1325.75,1321.5
30,2498.5,2000.125,2935.833333,2241.5,1924,2825.5,3222,2725.3,2380.5,10133.5,3498.285714,3344.875,1643
31,2037.625,1568.5625,2083.833333,2036.625,3373,1748.166667,1988,3078.1,3581.125,1768,2508.928571,2118,1086
L-Serine,10743.625,9868.625,15683.16667,7399.875,3493.5,8988.166667,33027,13443.6,23199.375,28748,23313.78571,19544.125,34625
33,2739.625,2588.25,2783.166667,2607.625,2641.5,2354.333333,3851,2511.9,2949.125,3542.5,2977.571429,3120.75,2692.5
34,2237.5,2299.4375,2714.833333,2467.25,1887,2149.166667,2697.5,2392.8,2228,2621,2242.714286,2133.875,2301.5
35,2851.25,2740.625,3107,3228.25,3448,2688.5,2873,3082.5,2717.25,3685.5,2837.357143,2878.625,2923.5
36,2297.875,2189.0625,2712.166667,2608.375,2437.5,2025,3250,2557.9,2574.875,2920,2617.857143,2288.25,2728
37,1833.625,1682.625,2189.166667,2171.625,1880.5,1647.833333,1934.5,1942.2,1899.25,2024.5,1673.785714,1641.25,1610
38,1862.125,2241.1875,1631.333333,2758.125,2643,1799,2605,1967.4,1916.125,2513.5,2401.285714,2026.25,1540
39,1309.125,1665.125,1090.833333,1971.25,2141,1252.333333,1804,1567.2,1282.5,1901.5,1656.571429,1334.375,1003.5
40,2154.25,2420.9375,2679.833333,2295.125,1728,2074.5,4414.5,2510.8,3388.25,4395,3813.285714,3053,3705.5
41,3358.25,4569.375,4136.166667,3511.375,3589.5,3523,2879.5,3746.9,2925.75,2766.5,3787.642857,3013.875,3897.5
42,3158.5,4112,3736,3007.625,3037,3259.666667,2469,3290.8,2650.25,2330.5,2891.785714,2842.875,3921
43,2850.75,3419.8125,3078.333333,2703.125,2867,3053.666667,1820.5,2934.3,2574.25,1881,2549.857143,2474.125,3346.5
44,2663.625,2499.0625,2365.333333,2338.375,2078,2299.5,2105.5,2322,2216.75,1774,2364.142857,2331.125,2945.5
45,8491.875,6485,8434.333333,8130.25,9384.5,7803.166667,9065.5,7642.3,7396.5,8097,8145.571429,7553.75,6721
46,2001.125,2248.125,1989.666667,2871.125,3570,1708.5,3155,2276.3,2512.75,2763.5,2502.714286,2324.375,2436
47,2009.875,2264.625,1901.666667,2823.25,3581,1611.5,2545.5,2443.8,2411.75,2858.5,2229.857143,2257.125,2192
48,1451,1662.5,1399,2139.375,2806.5,1089.5,1904.5,1876.4,1853.25,2190.5,1794.214286,1639.75,1660
49,1109.25,1305.75,1019.333333,1518.125,2178.5,869.3333333,1236.5,1326.2,1282.625,1712,1173.357143,1128,948
50,22549,19889.3125,22824.5,25632,16171,22805,49575,25229.7,36253.625,48979.5,39971.71429,34248.25,42186
51,1700.125,1961.875,1731,2949.375,2688.5,1580.166667,3325.5,1959,1888.5,2974.5,2273.857143,1788.75,1532.5
52,2550.125,2766.875,2468,3241.375,3536.5,2541.5,4029.5,2902.4,2953.125,3529.5,2833.428571,2706.5,2349.5
53,3152,3236.25,3229,3836.625,3216,3033,4543,3467.9,3329.875,4229,3144.785714,3152.875,2884
54,1507.625,1728.5625,1495.833333,1740.375,1414,1646.833333,2539,1649.9,1632.625,1670.5,1246.714286,1425.875,1541
55,34912.125,36180,44272.5,30826.875,29487.5,39754.16667,101873,39461.4,75054.75,75120,62982.5,60065,75120
56,1934.25,2129.75,1986.833333,3400.5,3124.5,1717.166667,3544.5,2201.5,2014.875,3218.5,2897.928571,2250.625,2237
57,2368.25,2289.125,2537.833333,2993.5,3622,2119,2861.5,2488.1,3403.875,2861,2625.142857,2499.5,2020
L-Threonine,6669.5,6826.6875,10401.5,6853.125,4400,6395.166667,26968.5,8184,14987.125,17371.5,15410.07143,11898.125,20817.5
59,3335.875,3401.4375,2614.666667,3772.25,4638.5,3306.666667,3990.5,3546.1,5084.625,4310.5,3997,4685.125,2424.5
60,1397.5,1425.75,1205.833333,1590.125,1707.5,1163.5,1293.5,1140.2,1371,1867.5,1450.285714,1438.25,1121.5
61,7331.25,6873.3125,5402,5006.25,8593.5,6319.166667,5171,7014,6256.5,10478,6164.357143,7318.5,6164
62,1335.5,1519.625,1336.833333,1497.625,1475.5,1211.333333,1334.5,1320,997.625,2014,1454.928571,1339,1246
63,2165,1952.125,1908.333333,1383,848,1978.166667,1193.5,1863,1733.625,1218.5,1464.142857,1884.375,1778.5
64,1609.875,1459.4375,1417.5,944.75,418,1521,773.5,1300.8,1131.625,727.5,1081.714286,1350,1265.5
65,1532.375,1524.8125,1215.333333,1795,1497.5,1221.166667,1733,1580.8,1450.5,2013.5,1599.642857,1519.875,1242
66,2688.75,2649.9375,4292.666667,3123,2079.5,2655.5,8418.5,5116.4,7544.875,5981.5,7511.428571,7762.875,4467
67,448.875,567.5,361.6666667,501.375,454,556.8333333,492.5,434.4,443.75,346,461.7142857,628.875,455.5
68,1542.75,1499.8125,1421.5,1732,1725,1617.333333,1922.5,1610.4,1395.375,1948.5,1814.714286,1511.625,1495
69,1823.625,2113.375,2144.666667,2532.5,2633.5,2052.333333,3179,2284.7,2513.875,2942.5,2869.857143,2457.75,2242
70,229193.625,208140.25,296797.5,190401.5,82877,214018.6667,853630,286688.5,526086.25,562309,494866.5,422875.75,562309
71,1424.5,1470.75,1380.5,1653.5,1766,1497.166667,2097,1230.8,1480.75,1128,1475.714286,1389.75,1381
72,2065.5,2336,1885.166667,2312.5,2134.5,2207.166667,2063,2079.3,1903.25,2058.5,2117.785714,2072.5,2135
73,4122.625,3845,3599.666667,4252.5,4964,3769,3480.5,3685.7,3988.25,3937,3851.928571,3874.125,3045
74,2159.5,2385.125,2104.833333,2469.375,2414,2147.166667,1996,2234.4,2007.625,2276.5,2190.571429,2074.25,1862.5
75,2269.125,1978.375,2302.833333,1916.375,2025,2031.833333,2627,2198.9,2570.625,2348.5,2462.5,2304.75,1846
76,1438.5,1318.875,1443.666667,1192.625,1089.5,1259.333333,2054.5,1616.3,1672.25,1512.5,1643.642857,1572.625,1378
L-Isoleucine,75603.75,65518.375,92597.66667,56663.375,58241,71730.83333,134100,68992.9,125831.875,166584,128203.2143,128092.25,166584
78,17402.625,20294.375,24798.66667,11025.875,5955.5,18343.5,40158,25694.3,45733.75,68670,46715.14286,43399.25,58241
79,1222.125,1082.8125,1203.5,925.125,527.5,1017.833333,2207.5,1102.8,952.375,725,1902.857143,1154,1078.5
80,4572.125,9024.5625,4792,6755.25,4348,4248.5,4817,6428.8,5571.25,4558.5,5090.5,4381.625,4242
81,1631.75,1699.6875,1685.333333,1549.375,1533,1558.5,1405.5,1829.7,1492,1414.5,1536.857143,1765.5,1611
82,1871.5,2166.5,1912.833333,2197.625,2492.5,1668.666667,2619,1849,1864.875,2008.5,2011.142857,2114,1787
83,4247,3217.0625,3696.5,3106.75,3228,3336.333333,3646,3977.4,3989.5,4271,3535.714286,3476.25,3587
84,13891.5,14585.375,12411.33333,14052.75,16344,12187,10764,14012,10729.5,20112.5,12614.42857,12286.25,12478
85,2060.125,2069.625,2050.166667,2046.25,1758,1948,1781,2088.6,1994.875,2353,1969,2037.625,2537
86,2883.875,2392.625,2727.5,3810.125,2498,2372.666667,2604,2891.1,2333.875,2167.5,2742.5,2928.875,2037.5
87,2173,2238.3125,2124.666667,2368.875,2451.5,1700.833333,2237.5,1979.1,1839.25,2135.5,2010,2149.125,1374
88,1780.125,1867.5625,1759,1909.5,1998,1448,1607,1782.5,1492.5,1483,1571.357143,1860,1026
89,1055793.75,895286.875,1724972.5,703537.25,222648,1117394.5,4220271,824706,3067135.5,4220271,1956745.929,1986746.75,4220271
90,2541,2317.0625,2178.5,2712.75,2362,2368.5,2414,2374.7,2059.125,2642.5,2371.428571,2159.625,2150
91,2722.875,2402.375,2446.166667,2082.875,1889.5,2413.833333,2463.5,2361.7,2432.5,2395,2329.142857,2377.625,2477.5
92,1419.625,1427.8125,1441.833333,1686.625,1961.5,1324.166667,1144,1258.3,1284.625,1213,1260.714286,1073.625,1763.5
93,1459.625,1697.125,1290,2290.875,2931.5,1308.166667,2569.5,1614.6,1647.375,2149.5,2100.142857,1868.875,1282
94,1497.25,1741.25,1404.5,2125.75,2589.5,1375.333333,2328.5,1576.6,1577.375,2197,1999.357143,1810.75,1437
95,9129.375,6008.125,8877.666667,7875.375,8343.5,8412,6961,6645.4,7190.625,9744,9164.142857,5727.625,5772.5
96,1819.875,1895.4375,1675.333333,2153,1500,1594,1143,1846.9,1486.5,1665.5,1484.214286,1394.125,1475.5
97,2358.375,2408.3125,2133.333333,2834,2507,2025.333333,2040.5,2414.6,1989.75,2355,2202.142857,1974.375,2063
98,1594,1863.5,1449.333333,2027.75,1571,1485.5,1697.5,1816.3,1536.75,1874.5,1666.214286,1424.75,1845
99,1340.625,1133.4375,1230.166667,583.875,390.5,1353.833333,357,1335.8,983.125,264,774.4285714,783.5,695.5
100,1372.375,1128.4375,1256.833333,481.375,432,1305.333333,243,1297.8,928.625,209,689.4285714,746.875,632.5
101,1596.375,1447.75,1520.666667,771.75,704,1640,468.5,1550.5,1205.5,512,956.6428571,1087.875,1049.5
102,3766.375,3999.5,3229.833333,2463.125,2857.5,3622.833333,2590.5,3685.5,3106.375,3243,3132.428571,2982.875,3138.5
103,6650.375,5698.375,7681.333333,5245.625,5019,5836.333333,8040.5,7085.5,8476.25,6647.5,8746.285714,8633.375,7922
104,1868.25,1880.1875,1757.5,1150.625,979.5,1681,973,1854.1,1479.5,993,1285.357143,1366.625,1389.5
105,3839.125,3574.625,3862.333333,3353.125,2074,3432.666667,7989,4228.1,4667.125,4905,7429.785714,4358.5,4491.5
106,10672.75,60503.3125,10835.66667,16598.5,11191.5,9904,14556.5,10779,11215.625,12822.5,10851.64286,10161.375,11846
107,3124.625,3333,4320.166667,4129.625,2589.5,3015.166667,6239.5,3660.2,4450.5,4746.5,6026.642857,4929.875,6449
108,2368.25,2278.625,2450.666667,1977.125,1608,2047.833333,1442,2061.2,2022.375,1705.5,1643.928571,1812.125,1889
109,3725.875,4629.8125,3510.666667,3468.625,2812.5,3100.333333,2833.5,3398.3,3041.375,2908.5,2983.5,3098.875,3247
110,3317,3293.9375,3557.166667,2692.375,2393.5,3159.5,3599,3069.2,3665.625,3497,3385.428571,3431.875,4025.5
111,3790.875,3259.25,3122.833333,2840.875,2941.5,2833.833333,2504.5,3162.2,2694.5,2668.5,2772.071429,2885.75,2787
112,2510.75,2447.125,2216.833333,2278.375,2078.5,2571,1799,2287.9,1854.25,2160,1914.357143,2113.625,2290
113,3137.25,3388.4375,3490.5,3191.75,2398.5,3446.666667,4187,3052.9,3883.875,3770.5,3591.357143,3600.5,4156
114,2623.125,3309.6875,2635,3043.5,2295.5,2814.166667,2228.5,2549.2,2667.25,2487,2205.571429,2303,2472
115,2685.375,5465.375,2886.166667,3213.125,4307,2391.5,2315.5,2827.6,2696.75,2928,2464.571429,2307.75,3667
116,2286.25,3219.5,2553.5,2646.375,3512.5,2022.833333,2240.5,2344.7,2273.25,2652,2261.642857,2034.75,3342.5
117,3267.125,5568.9375,3359.666667,3574.375,4920.5,3046.5,3125.5,3300,3034.75,3969.5,3249.642857,2884.375,4141.5
118,2667.25,3683.75,2869.5,3021.625,3748.5,2385.666667,3089.5,2583.7,2500.375,3469,2736.214286,2220.5,3504
119,2520.375,4125.9375,2438.666667,3009.875,2774,2490.166667,2610.5,2449.4,2288.875,2033.5,2205,2362.75,1867
120,2564.25,4514,5338.5,2848.25,2894.5,2377,2487.5,2441.7,2705.75,1950,4082.285714,2286.75,2116
121,4644.875,5670.1875,3713.666667,4707,3621,3980.833333,3584.5,4001.1,4318.625,3628.5,3982.857143,4064.625,5409.5
122,4987.125,9601.1875,3919.166667,6123.875,4139,4358.333333,3967,4328.8,4083,4112,4430.428571,4253.75,4313
123,4252.875,5633.4375,3309.333333,4690.375,3365.5,3602,3759.5,3636.5,3469.25,3926.5,3506.642857,4131.375,3393
124,3591.75,4709.25,3056.166667,4365.125,3140,3189.666667,3084,2892.9,2896.5,2957,3093.285714,3249.375,2811.5
125,3796.375,5113.1875,3079.166667,4886.625,3382,3181.333333,3105.5,3108.9,3092.625,3478,3208.214286,3506.5,3071.5
126,2916,3061.4375,2211,4006.75,2904.5,2361.5,2655,2315.7,2309.875,2894.5,2665.357143,2661.5,1913.5
127,1716.25,2275,1827.333333,4013.625,3569.5,1602.333333,3854.5,1730.8,2105.25,2708,2719.714286,2471.875,2108.5
128,3289.125,5136.9375,3547.166667,6046.875,4916.5,3390.333333,4597,3319.1,3361.375,3862,3822.571429,3782.25,3279.5
129,2035.125,2715.3125,2316.333333,3511.75,3235.5,2172.833333,3276,2171.3,2313.125,2518.5,2648.428571,2625.5,2007.5
130,2758.125,4074.4375,2891.5,4360.125,4085.5,2926.166667,3761.5,2895.2,2937.375,3113.5,3235.142857,3290,2740.5
131,2196.125,2973.0625,2333.166667,3291.375,3241.5,2272.333333,3175,2266.1,2355.75,2367,2639.714286,2611.375,2027
132,3066.25,3432.125,2673.5,2544.75,1713.5,2507.333333,1293,2623.7,2699.5,1496,1842.285714,2347.625,2812.5
133,2769,2894.4375,2233.833333,2110.375,960.5,2267,794,2295.2,2176.75,784,1363.642857,2004.875,2484.5
134,3416.25,4234.375,3830.833333,2713.25,1374,2800.166667,7058,3187.6,3364.375,3241,3156.785714,3069.5,3442.5
135,2601.375,3015.125,1675.833333,2626.875,1116,2299.833333,986.5,2041.9,1886,1066,1390.642857,1839,2229.5
136,2665.5,3940,2584.5,3531.375,2592,2194.333333,2349.5,2508.3,2654.375,2608,2722.428571,2494.625,2344.5
137,45345.25,54533.625,58968,33550.125,18305,33088.5,91865,50355.9,77218,107096.5,79054,72061.75,124458
138,788.75,1187.875,631.5,2640.875,3096,707.6666667,1661,1038.9,1077.375,1998,1593.714286,1037.125,591
139,1332.375,1494,1307.5,2030.25,2488.5,1293.666667,1659.5,1534.6,1479.125,1740.5,1652.785714,1213.375,1163
140,1764.375,1773.75,1881.333333,842.25,685,1529.333333,558.5,1881.9,1381.875,842,1135,1297.25,2366
141,2562.625,2829.6875,2704.333333,1546.875,1454,2375,1420.5,2667.1,2333.875,1702,2152.214286,2212.75,4028
142,1686.625,1593.25,1635.5,1334.5,1467,1569.5,1318.5,1771.3,1518.875,1756.5,1567.785714,1600,1549
143,2350.875,2150.6875,2244.833333,2178.75,2489,2074,2201,2377,2282.25,2829,2420.285714,2274.125,2128.5
144,1091.25,1423.3125,1094.166667,1807.5,1911.5,1439.833333,2097,1274.3,1448,1632,1674.142857,1535.25,1080.5
145,1078.25,1341.625,1027.833333,1786.25,1874.5,994.8333333,2287.5,1270,1504,1973,1670.357143,1255.25,1310.5
146,1181.5,1304.625,1114.5,1635.5,1810.5,998,1978,1483.6,1561.75,2062,1721.642857,1328.125,1193.5
147,931,1474.75,1257.166667,1347.75,1546,1346.5,1926.5,1393.7,2068.375,1895,1629.357143,1494.875,1540
148,2113.625,2557.125,3125.666667,2079.75,2255,2240.333333,5158,2534.6,3358.25,2735,3121.785714,2506.375,5608
149,874,1036.9375,812.5,1625.75,799,785,1986.5,1048.1,875.125,1249.5,941.8571429,925,864
150,1733.5,1619.625,1418.5,1715,1146.5,1674,1779,1498,1487.75,1287,1457.071429,1588.625,1479
151,1723.875,1549.8125,1440.333333,1374.625,1021.5,1707.5,1319.5,1366,1469.75,673.5,1332.357143,1596.125,1542
152,1865.625,1816.1875,1726.666667,1683.375,1124,1880.5,1328,1593.3,1494.375,1047,1486.285714,1710.5,1710.5
153,2695.75,2874.5625,2573.833333,2396.25,1974,2913.333333,2596,2551.5,2554.625,2020.5,2638.785714,2774,2297.5
154,1819.875,1743.9375,1661.5,1419.125,1168,1885.166667,1493.5,1563,1496.125,1020.5,1509.428571,1756.875,1807
155,1471.25,1465.5625,1303,1038.25,728.5,1631,896,1267.8,1177,661,1138.285714,1375.5,1364.5
156,4105.125,5769.9375,4090.833333,2837.875,2399.5,3625.666667,2346.5,3491.1,3457.25,2927.5,2714.357143,3073.5,5467.5
157,2646.25,2084.125,2652.833333,1350.75,757,2105.166667,1055.5,2042.6,2214.125,1312.5,1443.928571,1763.5,3716.5
158,2698.25,2147.75,2704.5,1621,964,2111.833333,858.5,2068,2238,1431.5,1426,1748.25,3126
159,2550.625,2041.3125,2626.5,1870.625,1432.5,1778.5,1133.5,1968.3,2221.625,1332.5,1420.785714,1697.625,2957
160,1661.5,2160.375,1061,1301.625,988,1588.666667,775.5,1331.3,1214.25,997.5,1058.142857,1349.125,1969
161,2254.5,2442,2083.166667,1441,1101,2333.166667,2064,2189.6,2390.125,1947,2330,2196.625,2806
162,9316.25,8812,9787.333333,7576.125,8249.5,10099.66667,4261,7230.6,9790.625,4681.5,6882.928571,9370.625,6018.5
163,1984.875,1905.125,1722.666667,1405.25,1330,2004.666667,1189.5,1825.5,1701.375,1415,1635.714286,1744,1766.5
164,2086.75,2107.9375,1908.5,1601.5,1727,1867.166667,1654.5,1942.7,1761.5,1371,1700.857143,1831.875,2297.5
165,23209.875,19554,26749,16665.875,15627,20572.66667,31678,22109.1,38360.375,40236,31955.71429,38578.5,38130
166,1583.25,1749.125,1395.666667,1270.5,1447,1411.166667,1102,1353.7,1317.5,978,1240.357143,1245.25,2071.5
167,6633.25,17460.9375,5741.666667,8816.875,5697.5,5825,4638.5,5958.6,5530.5,4924.5,5211.714286,5063.125,7212
168,2961.25,3096.5625,3027.666667,3114.125,2987.5,3553.666667,1776.5,2933.8,3417.125,2920,3663.928571,3054.125,3672.5
169,2377.5,2430.9375,2190.333333,2372.625,2206.5,2468.5,1638,2268.6,2343.375,1740.5,2411.214286,1943.75,2795.5
170,2244.75,2233.4375,2154.333333,2367,2216.5,2394.833333,1664.5,2155.3,1974.125,1866,2172,1892.75,2454.5
171,2323.625,3059.75,2532.333333,2840.125,1495,2668.833333,2136,2554.8,2564.25,2629,1778.571429,2527.625,2772
172,2769.5,4132.5625,3036.333333,3651.75,2186,3194.166667,2748.5,3053.6,3052.75,3148.5,2282.071429,3024.875,3328.5
173,2798.125,6423.5625,3179.666667,2372.625,2355.5,2866.166667,2162.5,2692.2,2387.625,1556,2201.428571,2956,2453.5
174,2818,4472.0625,2832.5,2279.25,2210.5,2731,2155,2552.6,2264.875,1360.5,2132.714286,2843.75,2270
175,5305.125,6504,5838.833333,5220.625,5544.5,6188,5555.5,5927.6,6250.25,4631,6846.214286,7053.875,5625
176,4198.375,7728.1875,3896.166667,4113.125,3926.5,4043.5,3186.5,4002.4,3577.875,3372,3455,4085.5,3761.5
177,2694,3329.375,2275.833333,2472.25,2336.5,2654,2251.5,2519.8,2196,1790.5,2076.571429,2629.75,2303
178,2776.625,3008.5,2226.833333,2638.75,2466,2638,2958.5,2710.4,2338.875,2193,2407.785714,2707.125,2348.5
179,3327.125,3825.75,2522.833333,3359.125,3166,3143.666667,2922,3146,2743.125,2713,2702.142857,3114.625,3107
180,1647.5,2055.4375,1940.5,1221.75,622,1913,1183,1915.2,1914.875,1101.5,1655.214286,1612.625,2420
181,2243.5,2755.0625,1973.666667,1831.125,1347,1958.833333,971,2001.6,1949.625,1198,1654,1975.125,2207
182,2836.75,3314.4375,2339.5,1932.75,1357.5,2091.5,1288.5,2149.7,2251,1467.5,2020.071429,2518.875,2299.5
183,1197.875,1261.25,1207.5,1046,844,1230.666667,1102.5,1480.6,1058.125,1505.5,1024.142857,959.875,1131
184,1347.875,1438.9375,1440.166667,1232.75,1024.5,1380.166667,1094,1608.1,1220.125,1649,1239.142857,1142.75,1830.5
185,1802.875,1864.75,1800.666667,1589.25,1321,1919.333333,1108,1831.4,1603.5,2199,1522.428571,1415.5,1686
186,1199.625,1373.25,1466,1451.75,1739,1523.333333,2160,1576.9,1529.5,1014.5,1642.357143,1347.5,1210.5
187,1800.75,1899.75,1594.333333,1566.125,1653,1745.333333,1462,1871.8,1431.875,978.5,1420.785714,1608.125,2013
Glycerol 3-phosphate,1005.75,1177.375,917,1486.625,1245.5,1093.833333,1972.5,1049.9,1056,1427,1309.142857,1241.5,835.5
189,2182.625,2130.5625,2202.666667,2202.25,1991,2117,2758,2256.4,2157.5,2469.5,2403.857143,2253.625,1841
190,1503.125,1696.3125,2386.5,1386.875,1045.5,1412.5,5045.5,1485.9,1406.375,2022.5,1794.785714,2043.625,1708
191,1689.75,1610.3125,1429.666667,1599.375,1417.5,1457.333333,2044,1566.1,1472.25,1355.5,1562.785714,1590.5,1560
192,8957.25,8992.8125,6917.833333,7480.875,7052,8153.5,5424.5,6716.6,6968.75,8384,6748.642857,5751.75,6339.5
193,1107.875,1658.25,1310.5,2519.75,2295,1120,2700.5,1333.5,1541.875,2308.5,1877.071429,1583.375,1173
194,1124.125,1723.6875,1284.333333,2575.125,2258.5,1201.333333,2393,1241,1509.25,2253,1802,1418.875,1119
195,1549.75,2074.1875,1656.166667,3060.125,2587.5,1591.666667,2793.5,1699.6,2054.125,2567.5,2243.571429,1786.375,1724.5
196,2180.125,2348.5,2021.833333,1902,1276.5,2129.666667,1519,1992.1,1871.25,1373,1916.5,1885.875,2181.5
197,2401.875,2714.625,2215.5,2667.375,1471,2371.666667,1802.5,2354.9,2191.375,1754,2096,2268.625,2355
198,2091.125,2236.9375,1848.333333,2824,1391.5,1973.166667,1970.5,2021.8,2038.5,1885.5,2199.785714,1986.375,2251
199,3781.5,5502.375,3628.333333,5179.5,3129,3311.666667,4178,3921.7,4212.125,4089,3844.857143,3601,4629.5
200,2228.75,2693.0625,2322.333333,3295.375,1564,2332.5,3294.5,2313.6,2569.625,2917,2745.5,2491,3174.5
201,6080,7140.0625,11376.83333,6808.25,4735.5,3653,28748,7466.6,6604.75,13225.5,12015.64286,8409.875,8357
202,2165.75,2775.3125,1924.333333,1986.625,1404,2250,781.5,1818,1841.25,1460,1614.714286,1918.625,2059
203,2526.125,3932.375,2172.833333,2365.5,1749.5,2314,1143,1987.4,1944.75,1606.5,1732.214286,2021.375,2169
204,3287.75,8660.5625,2724,3354.75,2374,2776.333333,1766.5,2553.1,2499.375,2313.5,2295,2616.25,2781
205,10063.625,16213.875,13807,6199.125,3560,9897.5,26968.5,13553.1,23061.875,31678,21774.28571,19812,32352.5
206,2168.125,2102.125,1763.166667,1728.5,2348.5,2100.833333,1856,2023.8,1877.75,3015.5,2020,2047.625,1757
207,1671.625,1559.25,1514.833333,1459.375,1942.5,1537.166667,1596,1553.7,1468.75,1911.5,1677.928571,1544.875,1217
208,2062.625,1849.0625,2492.666667,1625.875,2228,2362.166667,3256.5,1835.9,2673.75,2438,2593.642857,3237.875,2355.5
209,2602.375,2449.5,2389.5,2386.25,2304,2129.666667,2222,2575.4,2445.25,2290.5,2184.071429,2462.125,2343
Glucose,2676.75,2700.9375,3786,2976.125,9971,5190,4690,3954.7,4843.5,10228,6613.857143,7221.125,2762
L-Tyrosine,29067.25,28496.625,36290,22231,20449,26143.83333,75120,36506.5,62256.875,63130,53488.71429,55709.875,63130
212,4483.625,4556.125,6164.5,3915.125,3511,8593.166667,9166,5073.7,7938.75,7116.5,6950.642857,6257.875,9865.5
213,2550.625,2380.125,2320.666667,2506.375,2484.5,2011.333333,2030,2388.8,2165.5,2149.5,2236.642857,1921.125,1991
214,2034.375,2263.25,1703.833333,1720.875,1785,1401.333333,1734.5,1660.5,1651.875,1558,1653.5,1579.625,1430
215,1424.75,1360.875,1854.333333,1019.375,855.5,1662.166667,734.5,1908.5,1692.25,686.5,1040.714286,1393.25,1978
216,1638.375,1583.625,1947.833333,1036.375,717.5,1757.833333,837,1897.2,1715.75,761,1198.357143,1339.5,1703.5
217,1731.625,1851.25,1454.333333,2262.375,1706.5,1327.5,1828,1380.4,1457.875,2440,1601.5,1829.5,1260
218,1676.375,1788.875,1393.166667,2156,1866.5,1316.666667,1892.5,1333.5,1713.5,2718,1671.571429,1769.5,1231.5
219,2943,2621.625,2743,2133.375,1674,2697,1533.5,2573.4,2413.375,1735,2233.428571,2387.875,3447.5
220,3374.5,3357.25,3259.333333,3226.875,2732.5,3770.666667,2180.5,3317.2,2745.125,3035,3113.214286,2913.75,3958.5
221,1533.75,1862.9375,1471.5,2465.625,2133,1305.833333,1783,1347.3,1620.25,1418,1706.5,1680.25,1777.5
222,1422.875,1910.3125,1473.5,2777,2083,1294.833333,2386.5,1583,1769.5,1792.5,1838.428571,1831.125,1630.5
223,1592.125,1984.375,1581.166667,2892.375,2143.5,1279.5,2525,1531.3,1901.25,1933,1988.642857,1879,2119
224,2180.375,2659.1875,2215.833333,4038.25,2693,1902.5,3071,2409.4,2436.75,3190.5,2905,2471.5,2553.5
225,5158.875,2944.375,2711,1795.625,1137.5,3168.666667,7464,2627,4761.25,4227.5,3559.857143,4249,4816
226,1612.375,1439.9375,1537.833333,884.375,573,1939,796.5,1363.1,1277,501.5,799.5,1369.75,1908.5
227,1603.875,1500.875,1607.333333,1081.625,573,1920.666667,786.5,1387.1,1288.875,486,941.7857143,1410.75,1943
228,7054.625,18489.6875,6118.333333,8084.75,5130.5,5728.166667,10730.5,6883.6,7256,6041,6444.714286,5773.125,9284.5
229,2177.25,2314.9375,2450,1802.625,1076.5,2588,3881,2030,2490.25,2224,2667.428571,2337.125,3523.5
230,2320.75,2255.375,1994,1918,1359,2140.666667,1240.5,1879.3,1893.5,1492,1698.714286,1928.875,2430
231,2218.5,2822.6875,2094.5,2189.25,1698,2248.333333,3015.5,2214.3,2571.25,3391.5,2877.142857,2437.875,1949.5
232,2165.25,2919.0625,2028.333333,2324.875,2082,2270.333333,1893.5,2182.9,1920.5,2674.5,2385.928571,1978,1406.5
233,2133,2869,2022.333333,2354.625,2011,2250.666667,2015,2064.6,1903.5,2626,2341.785714,1948.875,1466.5
234,2089.125,2971,1883.833333,2273.625,1886.5,2265,1991,1994.1,1722.5,2669,2273.785714,1865.375,1397.5
235,860.75,1226.0625,828.6666667,2231,2269,840.1666667,2458,1137.8,1204.375,2475,1734.214286,1362.25,920.5
236,933.25,1255.4375,1055.166667,2215.875,2163.5,1028.166667,2390,1386.9,1433.125,2193,1783.142857,1356,982
237,1549,1690.5625,1493,2319.125,2457,1413.333333,2406.5,1765.7,1730.375,2527.5,1859.357143,1599.75,1356.5
238,3074.75,5769.3125,2946.833333,2845.625,2358.5,2658.166667,2136,2972.9,2764.625,2418,2481.428571,2890.375,3308
239,3271.25,4707.25,3219.333333,2907.75,2658.5,2610,2609.5,3233.2,2996.5,2638,2702.214286,2980,3645
240,4024.5,3854.5625,3803.166667,7760.125,6716.5,3548.333333,10851,5051.6,3628.5,5338,11258.07143,3760.625,2870
241,1706.875,2026.375,1469.666667,3076,3875,1674,2712,2029.4,2159.25,2540,2330.714286,2006,1884
242,4205.125,8713,3836.833333,3162.875,2156,3365,3019,3431.2,3590.625,2593,2955.857143,3209.375,4777
243,3406.375,6791.0625,2898.666667,2703.5,1711,2697.666667,1233.5,2491.3,2578,1341,1750.285714,2141.625,3406
244,2966.25,5966.9375,2863.666667,3968.625,3114.5,2875.833333,2176.5,2987.5,2879.75,3134,2648.785714,3117.25,3156.5
245,3146.125,6116.25,2973,4259,3596,2910.333333,2613.5,3165.9,3060.125,3353,2789.214286,3331.625,3319.5
246,2441.5,3536.5625,2319.166667,3204.75,3640.5,2386.666667,2357.5,2568.8,2513.625,2534.5,2378.785714,3111.375,2556
247,2111.75,3420.4375,2395.5,3843.125,4194,2115.5,2737.5,2184.6,2594.5,3643,2853.285714,2484.625,2818
248,1788.5,1556.4375,1521,1485.25,1111.5,2160.5,2010,1900.3,1508.375,1273.5,1544.142857,1626.875,1513
249,1908.5,1673.375,1656.666667,1382.5,1429.5,2259,2099.5,2069.8,1616.25,1692.5,1807,1978,1685.5
250,2280.875,1988.6875,1961,1562,1360,2461.333333,2081.5,2241.6,1817.5,1664.5,1881.928571,2032.75,1956.5
251,1759,3057.3125,2597.333333,1531.5,1554.5,2309.333333,1654.5,2126.5,2183.125,1075.5,1771.214286,1820.875,2282
252,2311,5005.1875,3162.666667,2220.75,2261,2770,1978,2674.4,2683.375,1516,2177.357143,2286.625,2925
253,2305,3213.0625,2985.166667,2256.75,2151,2701.666667,2117,2530.8,2429.5,1792,2091,2199.25,3390
254,2866.25,3933.9375,3133.333333,3598.625,2987.5,2687,3068.5,3113.9,2763.25,2702,2839.428571,2551,3968.5
255,1778.75,2364.0625,1997.166667,2896.375,2670.5,1744,2892.5,2134.1,2057.75,2268.5,2237.928571,1869.125,2931.5
256,1554,2061.8125,1931.333333,2652.875,2620,1811.666667,2972,2012.2,2317.75,3001,2809.714286,2584.75,2869.5
257,1678.75,2220.4375,1806.666667,2975.375,2775.5,1773.166667,2897,2121.7,2180.875,2391,2354.714286,1956.25,2844.5
258,1788,2195.25,1957.5,3274.375,2948.5,2218,2770.5,2158.9,2296.875,2220.5,2345.5,2093.75,2739.5
259,1085.875,1504.375,721.1666667,2297.5,2527,724.6666667,2426,1165.3,1320.625,2816.5,1712.5,1426.875,947.5
260,1015.25,1465.1875,696.5,2070.25,2447,746.6666667,2523,1180.8,1471.375,3051.5,1955.857143,1577.75,1067.5
261,879.625,1275.9375,653.5,1946.625,1972.5,724.8333333,2119,1049.2,1234.375,2908,1824.571429,1290.875,926
262,1715.875,1636.625,1891.166667,1364.5,1047.5,1545.166667,1195.5,1782.8,1449.375,1113,1613.642857,1371.75,1661.5
263,19381,18312.0625,17758.5,21710.125,24808,30833.83333,17642,24228.7,29092.875,33027,21798.14286,15369.75,13950
264,1266.375,1363.0625,1481.166667,1157.125,823.5,1366.833333,742,1298.6,1046.125,970,1037.428571,1369.5,1463
265,4524.25,4204.75,4688.833333,2767.25,5859,2470,2770,8928.9,3349.375,8972,7114.428571,5876.875,19479
266,1933.25,2064.875,1464.5,2221.375,2248,1743.833333,1446.5,1577.4,1542.5,2501,1830.928571,1755.5,1692.5
267,1881,2007.25,1422,2234.625,2211.5,1656.166667,1402,1555.5,1503.375,2564.5,1827.357143,1730.125,1674
268,4130.5,4590.3125,8185.666667,3557.625,3347.5,3791.333333,13576.5,5111.3,6860.75,5170,7718.142857,5219,17375
269,1256.125,1772.6875,1175,2067,2499,1134.5,1443.5,1472.8,1407.75,1480.5,1645.714286,1285.125,1217.5
270,20696.75,20532.0625,25969.5,18630.875,14966.5,17386.5,60685.5,30079.4,37881.375,44627,39666.28571,32949.5,44627
271,931.625,1357.6875,966,1710.5,2030,911.6666667,1601.5,1173,826.125,1998.5,1160.571429,966.125,941.5
272,961.75,1445.4375,958.6666667,1784.5,1996,1059.333333,1856.5,1240.1,941.5,2025.5,1286.571429,1055.375,1087
273,79868.125,4173.875,6120.5,4752.625,2122.5,22570.66667,2769.5,15862.9,60890,6733,19594.42857,14171.125,11675
274,1563.5,1770.625,1480.833333,1532.125,1158,1641.666667,1572,2004.8,1780.25,1325,1622.785714,1532,2213.5
275,1723.25,1750.875,1492.666667,1522.625,1241.5,1982.166667,1330,2037.6,2007,995,1318.857143,1783.875,2180.5
276,3321.5,4075.6875,3061.5,3251.625,2828.5,3416,2712.5,3509.4,3455.375,2701.5,2739,3252.625,3769
277,1788.875,1795.8125,1767.333333,1569,934,1730.666667,1341.5,1807,1621.375,1012.5,1114.142857,1635.5,2113.5
278,2496.875,2344.3125,2185.666667,1846.125,1372.5,1836.166667,932.5,2221.8,1967,1042.5,1558.428571,1755.5,2433
279,2248.625,3369.375,2575.5,2070.125,899.5,2455.5,1036,2412.3,2016.25,907.5,2161.071429,2285.875,2594
280,3192.75,5406.375,3091,2845.625,1823.5,3127.166667,1425,3273.8,2564,1747.5,2407,2783.375,3877.5
281,2205.375,3359.9375,2338.833333,1780.25,544,2475.833333,406,2180.9,1749.625,558.5,1464.857143,1883.625,2804.5
282,3095.5,4220.375,3057.166667,1872.375,1323.5,2730.333333,1465,2542.8,2551.375,1183,1870.714286,2515.125,1947
283,3224.5,5104.5,3127,2101.875,1383.5,2858.333333,1276,2612.1,2504.125,1082,1887.428571,2488.75,2216.5
284,3447.625,5802.875,3451,2528.625,1571.5,3006,1597.5,2838.8,2729.125,1590,2178.642857,2764.625,2471.5
285,3277.5,9084.1875,3509.833333,2747.75,1103,3209.666667,1354,4473.5,2612.875,1499,2502.428571,2724.125,2949.5
286,4068.375,12917.875,4107.166667,3929.125,1979,3587.833333,1917.5,3580.6,3054.5,2153.5,2443.928571,3208.625,3144
287,2628.625,3489.25,3114.833333,1983.75,1329,2692.333333,2555.5,2539.2,2645.5,2933.5,2619.714286,2705.25,3145
288,2484.375,3817.5,2652,1838.75,1025.5,2344.333333,1224,2298.8,2089.125,1842,1867.285714,2262.625,2567.5
289,1751.75,1737.1875,2027.666667,1133.375,1160.5,1908.5,1231.5,1946.6,1747.75,794.5,1438.142857,1604.125,1586.5
290,2200.125,2067.0625,2307.666667,1078.875,682.5,2256.166667,787,2141.7,2052.875,576.5,1362.214286,1783.75,1934.5
291,2379.875,2136.8125,2675.333333,1137.5,804,2206.666667,1225.5,2180,2186,884,1557.857143,1827.25,2350.5
292,3187.75,3129.1875,3058.5,2175.875,1973,2857.666667,1345.5,3076,2929.875,2181,2308.642857,2501.125,2859.5
293,5655.5,6628.75,5762,5230.5,3964,6646.5,6338,6087.8,5352.125,4101,4906.285714,4192.75,4369
294,1431.5,1489.8125,1330,1844.375,1443.5,1426,1732.5,1594,1531.625,1857,1682.642857,1403.625,1574
295,1485.375,1575.5,1510,1626,1142.5,1589.833333,1777.5,1593.9,1705.625,1378,1733.071429,1345.875,1696.5
296,1822.75,1805.9375,1951.666667,1716,1363,2098.333333,1719,1958.3,2261.625,1623.5,2101.785714,1766.375,2096.5
297,2300.75,2161.625,2123.833333,1787.5,1585.5,1987.5,1458,2145.6,1876.625,1123,1777,1739.875,2633.5
298,1215.125,1294.5625,1206.833333,1471.5,1661,1080.166667,2042,1511,1378.25,1698,1582.642857,1272,1104.5
299,1280.5,1260.9375,1148.166667,1410.625,1514.5,1222.333333,1597,1462.4,1353.5,1899,1542.857143,1300.875,999
300,1078.5,1414.3125,984.6666667,2178.25,2431,1077.833333,1901.5,1216.3,1624.375,1913,1646.642857,1697.875,1010
301,1328.5,1412.9375,1531.5,1485.375,1718.5,1532.666667,1623.5,1335.3,1292.5,1341.5,1321.285714,1559.625,1423.5
302,1428.125,1338.6875,1680,1613.625,1705,1641,1816,1414.4,1345.375,1484.5,2403.857143,1568.75,1164.5
303,997,1356.0625,1161.166667,1217.5,1073,918,1712.5,1085.3,1208.125,1203.5,1239.071429,1072.5,1159
304,1788.75,1546.3125,1717.833333,1282.625,875,1691,1105.5,1551.4,1573.375,1047.5,1331.142857,1533,2014
305,857,952.1875,818,1400.75,1216.5,625.1666667,1032,781.4,868,1258,1024.642857,862,590.5
306,1729.5,1859.375,1677.833333,1608.125,1497.5,1716.5,1404.5,1663.5,1426,1648,1424.5,1460.875,2123.5
307,1745.75,1924.875,1974.833333,1761.375,1556.5,1750.333333,2745,1716.6,1828.875,2373,2156.071429,1773.875,2487.5
308,3114.25,2816.4375,4022.166667,3166.375,2923.5,4604.666667,5628.5,4525.6,3090.25,2710.5,4160.785714,2370.75,2309
309,85628.75,194862.8125,103614.1667,114054.25,91865,99733.33333,82877,117408.8,88732.375,107096.5,100547.2857,71690.625,54523
310,1247.25,1444.3125,1279.166667,1523.75,1346.5,1073.333333,1671.5,1261.1,1272.25,1535.5,1451.571429,1372.875,2582
311,1496.5,2176.5,1485.666667,1290,1063,1547.833333,938,1386.7,1236.25,685.5,927.5714286,1431.75,1679.5
312,1767.625,2398.5,2193.333333,1600.75,1230,1925,5526,1994.9,2669.25,2847,2763.785714,2920,2978.5
313,2233.125,2635.9375,2315.5,2037.625,1940,1948.166667,2118,2535.9,2070.5,2517,2276.642857,2489.25,3382
314,1139,1406.9375,1066.333333,1423.75,1767.5,1104,1727,1145.1,1243.375,1375,1470.571429,1317.875,738
315,1107,1344.9375,1118.833333,1440.25,1438,1186.666667,2112,1138.5,1353.25,1528,1532.214286,1273.25,729
316,2448.375,2416.9375,1887,1862.25,1424,2213.333333,1601.5,2095.9,1749.5,1881,1703.5,2020.75,1999
317,2223.875,2171.75,1667.5,1655.75,1275,2071.166667,1406,1943.8,1616.625,1708.5,1514.571429,1970.75,1678.5
318,1501.375,1426,1462.833333,1377,2005,1795.166667,1426.5,1638.5,1442.75,1299.5,1582.285714,1304.125,1403.5
319,2714.875,2619,2512.833333,2241.75,2088,2509.666667,1679,2501.2,2600.125,2918.5,2080.785714,2549.125,2698
320,2269.375,2468.625,2236,2820.25,2721,1932,2912.5,2057.3,2273,2799,2557.285714,2498.125,2257.5
321,3214.375,2725.5,3178.666667,3190.25,3479.5,2644.5,2649,3137.5,2922.5,3001,3694,3457.875,2767
322,1896.125,1693.3125,1928.166667,990.75,917.5,1825.166667,724,1538.2,1462.25,695,1258.5,1381.125,2065.5
323,2114,1850.5,2086.333333,1065.5,1112,1962.5,991.5,1734.4,1617.25,814.5,1502.642857,1617.375,1793
324,1691.25,1518.1875,1815.333333,769.875,838.5,1787.5,447,1363.9,1222.125,454,1049.071429,1206,1480
325,1458.375,1910.5625,1369.166667,2564.875,2431.5,1561.5,2422.5,1934.4,2017.125,2344,2357.5,2167.75,1575.5
326,1425.375,1675.5,1341.833333,1601.875,2200,1650,1596,1526.3,1555.25,1607,1666.428571,1770.625,1295
327,1686.125,2249.375,1664.833333,1198.125,809,1895.166667,510.5,1746.8,1274,799,1153.571429,1628.125,2120
328,1654.5,2257.125,1530,1160.875,1112,1925.166667,494.5,1800.9,1359.25,803.5,1205.5,1531.75,1929.5
329,971.625,1105.5625,945.1666667,1420.75,1529,939.1666667,1382.5,1246.3,1237.5,1836,1535.857143,1158.25,1075
330,37748.375,48674.0625,43784.33333,41972.75,38130,45545.16667,60685.5,56655.1,34949.5,22618,43617.14286,23137.875,22618
331,3707.875,3565.5625,4735.333333,3824.875,2871.5,4854.166667,4214.5,3890.4,5796.875,5700,4719,5369.75,5474.5
332,3266.25,1265.4375,1300.333333,1236.125,1022,1808.666667,697,1310.4,2353.25,1428.5,1575.357143,1488.25,1571.5
333,6726.125,11432.3125,6080.333333,9019.125,6187,5979.5,5950,6701.2,5709.5,6272,6255.5,6164.625,6819
334,1455.375,1413.75,1446.166667,1780.875,2101.5,1494.666667,2481,1569,1638,2372,2100.285714,1934.125,1739
335,848.625,1055.9375,856.5,1222.125,1534.5,751.5,1578,1396.4,1240.5,1706,1622.785714,1147.875,1436
336,1921,1692.3125,1737.833333,2043.375,2541,2216.333333,2200,1982.5,2070.625,2466.5,2302.571429,1852.375,1518.5
337,679.25,1101,778.1666667,1223.375,1114,731,1699,947.1,971.625,1439.5,1209.142857,1121.625,1189.5
338,808.25,1233.375,1154.5,1287.875,1662.5,715,1373.5,1284.1,969.125,1453.5,1203.142857,1161.25,1020
339,2029.875,2010.125,1869.5,1710.25,1367.5,1943.333333,1441,1769.3,1823.625,2114,1666.357143,1790.25,2651.5
340,1050.25,1591.4375,1041.833333,1917.5,1740,1162.166667,1548,1205.9,1299.75,1514.5,1364.214286,1583,1369.5
341,2903.625,2863.3125,3000.833333,2636,2036,2973.666667,2035,2755.8,2478.75,2312.5,2287.714286,2608.75,2866
342,2057.375,1915.4375,2188.166667,1631.875,1036,2168.833333,1165,1823.7,1797,1120,1465.642857,1916.625,2229.5
343,2015,1758.0625,2019.5,1434,873.5,1952.666667,837,1622.5,1521,871.5,1244,1700,1754.5
344,2675.5,2739.6875,2976.833333,2359.25,1723.5,2731,1474.5,2512.5,2276,1714,2083.214286,2512,2680
345,1796.875,2342.0625,2044.333333,2571.625,2252.5,1520,2509,1971.4,2001.5,2169,2177.071429,1998.375,1934
346,3536.625,3694.0625,3501.166667,4184.75,3916.5,3305.666667,3550,3951.5,3543,3472.5,3579.142857,3467.25,2532.5
347,1793.375,2225.125,1959,1710.25,1290.5,1930.166667,2332,1765.5,1805.25,1516,1670,1737.25,2020.5
348,1741.875,1940.9375,1710.666667,1642.75,1012,1703.666667,1992,1538.2,1392.25,1340,1314.857143,1532.375,1676
349,1685.875,1984.625,1635.166667,1625.625,1024.5,2013.166667,1377,1495.5,1378.5,1258,1205.857143,1435.5,1618
350,2235.625,3094.75,2130.166667,2916.125,2096.5,2433.666667,2204,2070.6,2294.25,2517,2150.428571,2108.625,2769
351,1978.875,2427.5625,1761.5,2415.25,1928,2201,1595,1859.8,1826.875,2124.5,1753.071429,1636.75,2418.5
352,28353.875,31101.875,30679.5,30928.125,27548,48215.16667,40158,56263.7,27727.875,12476,42279.21429,17007.25,14966.5
353,3276986.75,3252580,3675751,3456775,3403491,3675751,3403491,4056915,3354677.5,2897474,3667304.714,3276986.75,1436543
354,312,432.625,389,315.375,175,356.3333333,669.5,333.4,421,410.5,582.9285714,365.5,246.5
355,530.75,540.4375,554.5,9597.125,571,948.8333333,799.5,536.4,941.75,660.5,1144.571429,568.625,1441
356,5669,17129.75,5082.666667,6992.875,5791.5,4920,4658,5640.7,4843.625,5041,4850.214286,4656.375,5290.5
357,404.625,561.0625,549.5,496.25,683.5,381.6666667,1875.5,461.4,641.375,811.5,876.1428571,612.125,457
358,844.375,1069.6875,1109.166667,1021,803.5,843.3333333,2027.5,913.1,984.5,1161,1342.142857,1065.25,1437.5
359,581.625,1089.625,717.3333333,1643.625,1434,610.5,2230,809.6,1056.125,1703,1307.928571,1143.125,576.5
360,672.625,1050.1875,760,1472.75,1323,703.5,2810,861.1,1229.25,1934,1535.928571,1135.25,701
361,1597.875,1917.875,1739.666667,1606.5,1153.5,1592.666667,1205.5,1689.4,1426,845,1278.071429,1543.125,1690
362,1103.375,1378.4375,1104.166667,1624.125,2568.5,842.6666667,2028.5,1233.4,1205.375,1281,1363.357143,1520.25,852
363,1209,1297.0625,1427.833333,1592.125,1852.5,1280.833333,3247,1568.6,1946.625,2618.5,2197.142857,1746.625,1538.5
364,2332,1819.875,1988.833333,2013.875,2445,1595.666667,3113.5,2191.2,2828,3039.5,2280.142857,2229.25,2028
365,5400,5079.8125,5459.5,6878.125,5554,5785,5990.5,7362.2,6423.375,6686.5,5830.714286,5520.5,4954
366,51715.25,108717,47015.5,58207.375,50517,64053.33333,40236,56639.4,38907.625,30227,48324.64286,36440.125,28148
367,1528.375,1403.625,1408.833333,1863.25,1765.5,1485.166667,2096.5,1616.2,1582.875,1403.5,1771.714286,1711.75,11992.5
368,348.625,650.25,261,1234.5,1874.5,291.6666667,1917.5,525.5,607.875,1656,1035.428571,716.125,376
369,351.5,715.1875,311.3333333,1245.625,1809,327.6666667,2086,557.4,670,1921,1174.928571,752.5,623.5
370,21143.625,15707,21900.5,19814.5,23424,26472.66667,24808,20372.9,20592.375,19479,21739.5,20818,18209
371,1406.5,1412.5,1195.666667,1456.625,1691.5,1375.833333,1446.5,1320.5,1307.125,1190,1370.785714,1095.375,1221
372,1944.75,1728.1875,2030.666667,1295.875,892,1816.5,506.5,1673.6,1547.75,734,1225.5,1407.875,2242
373,1991.625,1651.125,1861.333333,872.5,704,1705.833333,408.5,1704.6,1530.875,551.5,1128.214286,1462.375,2120
374,2136,1931.8125,2064.833333,1138.625,951.5,1926.5,541,1888.9,1796.625,762,1223.142857,1677,2091.5
375,2481.375,2473.0625,2253,1497.25,1335.5,2160.333333,991.5,2254.3,2114.875,1083.5,1472.214286,2022.5,2463.5
376,2378.5,2108.5,2048.5,1445.625,1297.5,1993.333333,836.5,2164.9,1943.75,888.5,1369.857143,2041.875,2228.5
377,2098.25,2374.25,2030.833333,2149.625,1967,1880.666667,1762,1950.1,2211.5,1427,1823.357143,2117.125,2374
378,2207.375,2773.375,2138.666667,2414.125,2090,1929.833333,2160,2069.5,2313.875,1591,2133,2212.5,2849.5
379,2885.5,2939.75,2733.666667,2986.125,2687.5,2394.666667,3047.5,2932.2,2886.5,2891.5,2897.285714,2889.375,3687
380,2241.125,2981.8125,2658.333333,2742.125,2705.5,2566.5,6149,2625.9,3741.75,3668,3668.714286,4048.125,3470
381,1687,2387.6875,1759,2291.375,2528.5,1704,2137.5,1826.7,1900.25,1830.5,1850.785714,2096.5,2078
382,1826.5,2426.9375,1945.833333,2593.875,2857.5,1972.666667,1827,1903.2,2028,2200,1787.642857,2096.875,2066.5
383,1350,1915.6875,1407,2009.375,2406,1414.833333,1122,1350.9,1463.875,1521.5,1159.071429,1577.5,1577.5
384,717.625,1086.8125,1019,987,1255,524.6666667,1972,972.6,871.625,1644.5,1200.428571,985,928
385,1264.75,1536.3125,1465.333333,1701.5,2135.5,1009.166667,1856.5,1767.8,1549.5,3284,2404.571429,1780.5,1508.5
386,129878.75,68415.6875,91865.33333,161106.125,143742,106900.8333,68670,88735.4,77601.25,143742,115814,110240.75,96869
387,3348.75,2844.125,3419.5,2760.125,4009.5,4206.5,5308,4182.6,4012.625,2958,3933.857143,3227.75,2184.5
388,2936.875,2143.625,2727.333333,2178.125,2454,2719.333333,1891.5,2619.6,2214,3089,3032.857143,3097.25,2616
389,81442.5,97476.4375,74573.83333,73091.25,101873,112482.5,34625,86585.3,60994.625,36383,57093.42857,64000,30952.5
390,1714.625,2382,1807,2162.125,1837.5,1831,1858,1887.3,1687.375,2319.5,1869.714286,1924,2190.5
391,178970.5,379185.6875,120593.6667,164358,222648,328101,246677,241854.6,200843.25,82877,181018.7857,134678.5,68670
392,4220271,3787474.25,3338406.333,3126075.75,4220271,3948011,2391457,3364440.2,3101669,2897474,3695198.143,3889571.75,3403491
393,446.25,524.0625,539.3333333,449.125,492.5,520.5,1648,476.5,740.125,968,927.0714286,817.125,548
394,793,670.3125,1040.333333,6745.5,776.5,1000.5,1697.5,850,794.75,1052.5,1459.785714,941.125,369
395,987.375,1205.6875,991.1666667,851.375,695.5,1233.333333,792.5,987.7,1103.25,958.5,933.6428571,895.125,1227
396,1678,2067.625,1496.5,1641.25,1463,1591.666667,1307.5,1497.7,1632.625,1051,1315.214286,1484,2000
397,1597,1980.0625,1735.833333,1453,566.5,1492.666667,845.5,1450.2,1471.125,955.5,1172.928571,1377.375,2028
398,1479.875,1388.4375,1563.333333,1208.875,647.5,1519.666667,1246.5,1220.2,1231.125,538.5,1075.785714,1222.375,1654.5
399,2523.125,2537.625,2830.666667,2239.375,1772.5,3171.5,2985.5,2586.7,2983.625,2456,2855.214286,2386.125,2233.5
400,1377.5,1560,1531.333333,1069.625,825,1305.833333,1883,1285.5,2077,2042.5,1701.357143,1410.75,1705
401,1900.875,1680.8125,1802.666667,985.75,654,1701.666667,1139.5,1632.7,1799.75,826.5,1193.928571,1507.5,1712.5
402,4919.25,5200.0625,5768.333333,4232.875,4816,7584.833333,6961,7561.9,5490,5918,5338.928571,4879,3835.5
403,3226.375,2885.5,3297.166667,2279.375,2803.5,3723.833333,3691,4510.1,3072.75,1623,3514.5,2593.875,2208
404,1407.875,1546,1364.666667,865.125,652.5,1551.333333,1068.5,1313.8,1393.125,590.5,1221.285714,1537.875,1806.5
405,17446,55726.625,18513,23718.75,17942,20845.5,18493,38548.3,16158.5,17642,17397.71429,14677.375,15000
406,12929.125,10668.3125,12843.5,10966.625,13590,12541.5,15627,13105,10921,9166,12244.64286,11705.875,10099.5
407,4481.25,3813.6875,4517.333333,2698.5,4001.5,4768.833333,4366.5,4296.2,3946.375,4697.5,4397.5,4636.625,4082
408,1523.25,1541.1875,2363.333333,2199.75,1139.5,1336,1002,1422.5,1383.125,1024,1299.714286,1299.125,1719
409,1381.375,1368.25,1392.333333,1343.25,981.5,1345.666667,1039.5,1358.1,1426.875,1090.5,1328.714286,1225.125,1560.5
410,14542,12213.375,16117.5,12808.375,13376,17833.66667,20796.5,14681.4,15635.875,14143.5,15617.14286,17628.125,13399
411,1281.5,1521.375,1296.666667,1116.125,913,1603.833333,1328.5,1337.6,1598.625,1352,1441.142857,1224.25,1659.5
412,736.875,1157.4375,713.5,1575.5,1146.5,861.5,1532.5,812.6,1095.375,1345,1187.571429,901,921.5
413,643.5,985.75,765.1666667,1332,900,607.5,1324.5,692,907.5,1132,1262.857143,768,721.5
414,1295.375,1578.5,1504,2089.375,1403.5,1400.333333,2052.5,1409.6,1615.875,1525,1737.928571,1694.25,1454.5
415,949.625,1239.9375,1063,1478,943,1066.666667,2048.5,1085.2,1299.625,1325,1399.214286,1260,1024
416,713.375,1013.0625,740.5,1421.625,1514,516.6666667,2343,739.6,742.5,1872.5,1320.285714,807.125,610
417,1189.25,1285.875,1464.5,2043.125,1557.5,899,2313.5,1251.4,863.125,1691,1506,1023.875,1267.5
418,14507.625,10021.5,13102.66667,11408,13396.5,12486.16667,12140,14060.6,11682.25,9006,9999.5,13094.25,6384
419,1495.875,1674.125,1331.333333,2126,1902.5,1355.666667,2350.5,1493.5,1674.625,1873,1729.428571,1377.625,1477
420,1748.5,2066.8125,1733.333333,2454.625,2023,1426.5,1654,1685.6,1930.875,1721,1959,1777.375,1634
421,1537.875,1855.5,1559,2361.375,1801.5,1293.666667,1854,1584.5,1695.625,1800.5,1832.071429,1688.75,1680.5
422,6608.5,5171.5,6254.833333,5832.75,7657.5,6072.333333,4746.5,5731.4,5129.25,4481,5504.857143,6179.625,3604
423,1956.25,2139.6875,1670,1790.125,1603,1552.166667,2411.5,1795,1899.125,1854,1764.142857,1752.75,2145.5
424,2094.5,2383.8125,1975,2075.125,1868,1915.5,4009,2176,2280.75,2146.5,2944.428571,2310.5,2339.5
425,2319.875,2746.0625,2228.833333,2517.25,1984,1994.166667,2484,2165.7,2327.25,2738,1915.5,2066.25,2853.5
426,4089.125,4307.5,4218,4000.125,4913,4490.166667,5472.5,5667.4,4305.375,3701.5,4987.642857,3663.75,3379.5
427,1828.875,6969.6875,2022.666667,1466.625,468.5,1653.5,496.5,1698.6,1530.25,1098.5,1129.285714,1422.75,2167.5
428,4465.125,15091.125,4644.166667,3962.125,3101.5,3897.5,2457,4304.3,3616.25,3192,3352.928571,3655.5,4381
429,2101.25,6433.125,2323,1800,1077,2901.5,1247.5,2033.2,2122,2339.5,2224.071429,2145.375,2063.5
430,1577.25,4836.75,1900.833333,1416.5,755,1897.666667,706,1449.2,1577,1150,1232.214286,1319.625,1780.5
431,6802.625,10691.625,7111.166667,6548.375,10568,9398.5,12305,10371.8,7494.875,4483,8190.285714,5632,4292
432,1054.5,2369.5,1104.833333,1001.375,602,1177.5,664,749,1389.375,246.5,637.8571429,929.375,1197.5
433,1523,1958.9375,1517.833333,1433.875,712,1508.5,735.5,1194.9,1519.125,675,1056,1431.5,1448
434,2558.125,2459.6875,2570.166667,2144.625,2248,2764.166667,3302.5,3069.1,2966,2560,2970.928571,2490.875,2659.5
435,72949.75,77778.625,64360.5,62099.25,75120,67538.83333,50517,61375.2,53033.25,54523,56439.14286,65190,50517
436,1785.875,1757.6875,2593.333333,2478,2152,1942,4069,2299.8,2395.375,2563.5,3241,2411.625,1278.5
437,933.625,1455.4375,893.3333333,1642.875,1861,757.6666667,1428.5,1096.8,1152.75,1461.5,1237.071429,1270.75,888.5
438,1110.875,1945,974,2033.625,2040.5,960.3333333,1389.5,1296.1,1362.5,1540,1396.285714,1552.5,1046
439,2375.125,2746.9375,2392.333333,3337.75,3396,2472.833333,2986,3393.9,2781.5,3770,3166.428571,2863.625,1901
440,1872.25,2342,1888,2234.625,2214,1779.833333,2415,1798.3,1943.5,2300.5,2182.5,2359.625,1747.5
441,2034.625,2279.4375,1729.333333,1990.75,1893,1691.666667,1368.5,1796,1587.125,2257,1661.214286,1587.875,2215
442,3183.625,3423.125,3081.166667,3225,3377.5,3001,3974.5,3549.2,2975.25,4184,3367.142857,3282.625,3157.5
443,1888.625,1555.125,1685.166667,947.375,591.5,1301.333333,935,1403.4,1311.625,428.5,1088.642857,1170,2359
444,3107.5,3531.9375,4286,2260.5,2496.5,3912.5,3597.5,4165.6,4255.125,2516.5,3370.142857,4292.75,4594.5
445,2253.875,2304.0625,2377.333333,2213.5,2046.5,2482.166667,2447.5,2588.9,2025.875,2256.5,1954.214286,1895.625,2104
446,1786.75,1887.5,1788.5,1671.125,1551.5,1799.833333,1672.5,1844.7,1378.75,1576,1359,1365.625,1762
447,901.375,1245.3125,919.3333333,2182.75,1819,799.8333333,2356,977.8,1193.25,2225,1396.5,1382,834
448,1072.125,1342.875,1131.166667,2255.375,1595,1074.666667,2427,1168.4,1335.125,2131,1347.142857,1504.75,917
449,923.125,1168.25,929.3333333,1857.75,1522.5,917.6666667,2149.5,958.4,1158.625,1910.5,1110.785714,1375.5,760.5
450,1530.875,1874.4375,1271,2023.5,1568,1376.166667,1968,1491.8,1710.5,2316.5,1699.071429,1506.5,1562.5
451,2353.625,2341.6875,1912.5,2397,2243,2133.333333,3145,2744.8,2408.25,3097,2669.785714,2289.625,1848.5
452,1290.375,1457.4375,1074.833333,1584.125,1336,1077.833333,1777.5,1328.3,1313.625,2081.5,1526.357143,1222.75,1284.5
453,3405.75,3239.1875,3297.166667,3900.875,3017,2996,3221.5,3337.9,2907.25,3473,3386.857143,3131.875,4402.5
454,2077,2126.6875,2036,2204,1718.5,1496.666667,2356.5,1868.2,1927.5,1939.5,1935.642857,1842.125,2866.5
455,7251.375,31012.125,6650.333333,9309.625,6498,6279.833333,5746,6847,6327,5806,5790.357143,6185.125,7467
456,2139.375,2364.75,1986.833333,1824.5,1810,2343.666667,1545,2158.7,1925.625,1615.5,1814.285714,1951.875,2293.5
457,1992,2289.3125,2036.333333,1316,2041.5,2301.166667,1507,2112.8,1665.75,949.5,1570,1799.375,1964.5
458,1450.25,1633.375,1251.666667,2040.125,1768.5,1235.833333,1480.5,1935.6,1306.75,1772.5,1612.857143,1466.75,1157.5
459,1221.75,1528.6875,1068.5,1864.5,1579.5,1115.333333,1304.5,1667.2,1107.375,1417,1299.428571,1332.25,1047.5
460,1331.5,1629.0625,1222,1998,1714,1151.833333,1462,1774.1,1286.25,1623.5,1618.428571,1480.875,1443
461,1783.5,1901.4375,1825.666667,1892.375,2672,2301,1614,2373.3,1578.75,1846.5,1914.214286,1941.875,1200
462,1074.25,1534.125,1388.333333,1557.25,1134,969.8333333,2279,1248.2,1422,1857.5,1734.642857,1442,1482.5
463,19970.625,16779.5625,21853.5,18068.625,24808,16555.5,23424,19886.1,16850.375,19142.5,20200.85714,22899.375,16834
464,1699.375,1804.875,2391.333333,1444.875,1420.5,1729.666667,1881,1735.4,1845.375,1230,1935.142857,1883.5,1710
465,1957.875,1681.3125,2038.666667,2106.5,2496.5,2154,2578,1770.6,1653.375,1664.5,2338.571429,1956.25,1126.5
466,1216.625,1481,1361.5,1705.625,1932.5,1746.333333,1817.5,2048.8,1266.375,1417.5,1736.285714,1339.25,1200
467,1170.375,1805.4375,1287.333333,1709.375,2137,1186.666667,1658,1112,1737.375,1176.5,1484.214286,1090.5,727
468,1637.625,2006.8125,1952,1945.625,2614.5,1514.166667,2471,1628.4,2037.625,1851.5,1966.142857,1671,851
469,1536.5,2227.0625,2019.166667,1934.875,2441,1836.833333,2392,1642.2,2318,1542.5,1986.5,2011.25,1309
470,1783.375,2310.875,1888.833333,2010.125,2218,1829.833333,1999.5,1973.8,2326.125,1287.5,1897.428571,1696.625,2304
471,1641.25,2342.25,1756,1977.25,2048.5,1722.166667,1733.5,1802,1984.375,1299.5,1661.428571,1429.625,2112
472,2208.375,2681.3125,2333.166667,2451.75,2557,2044.5,2164.5,2231.8,2410.75,1864.5,2319.857143,2200.875,2821
473,1996.125,2617.25,2521.833333,2363.5,2362.5,1956.5,2053.5,2059.4,2151.375,1669,1986.428571,1903.5,2656
474,2680.875,3420,2679,3032.75,3174.5,2798.166667,5199,4177.9,3790,3241,3690.642857,2935.375,3413
475,2335.375,2718.625,2329.5,2585.625,2719,2348.5,2762,2468.4,2493.75,2163.5,2518.214286,2467.125,2783.5
476,1712.875,2244.3125,1858.666667,2079.25,2108,1754.166667,2195.5,1846.1,1836.125,1529.5,1884.785714,1794.375,2424
477,1915.5,1682.625,1921.833333,1360.75,708,1767,512,1383.3,1212,830.5,1073.285714,1469,2285
478,698.75,1105.0625,818,1763.375,1590.5,651.3333333,1641.5,889.3,909.75,1842.5,1198.214286,901.25,652.5
479,779.75,1132.3125,1277.166667,1436.375,1360.5,822.1666667,1335,966.7,990.5,1493,1086.857143,848.5,883
480,1191.375,1327.0625,1341.166667,1567.25,1630,1369.333333,1572.5,1360.8,1367.25,1825,1404.428571,1111.5,1178.5
481,1250.125,1608.5,1276.5,1697.25,1511.5,1370.666667,1722,1422,1488.75,1943.5,1636.857143,1443.375,1224
482,2512.75,3170.5,1872.833333,1997.125,1563.5,1985.666667,1185.5,2117.9,2122.375,1779.5,1753.857143,2032.5,2322
483,2697,3923,2244.166667,2644,1945.5,2340,1736,2531,2365.25,2250.5,2147.357143,2365.125,2589.5
484,2747.75,4495.3125,2828.333333,2846.25,2449.5,2578,1892,2962.7,2532.75,2653.5,2575.142857,2744.5,2894
485,2822.5,2993.6875,2384.5,2640.5,2289,2589,1972.5,3012,2445,2248.5,2573.071429,2415.125,2353.5
486,949.375,1554.25,798.6666667,1915.625,2068.5,833.1666667,1797,1087.7,1148.375,2387.5,1574.357143,1214.5,1058
487,1087.125,1665.6875,901,2025.625,2153.5,1019.333333,1881,1245.5,1162.875,2339.5,1623.214286,1182.125,1205
488,1120.5,1590.375,883.6666667,2060.375,2138.5,1884.833333,1796.5,1172.3,1132.375,2049.5,1499.142857,1169.875,1159
489,1333,1838.6875,1307.5,2280.875,2503.5,1478,2188.5,1550.8,1465.875,2354.5,1830.357143,1480.5,1293
490,1352.375,1786.4375,1148.666667,2147.125,2413.5,1426.166667,2117,1525.8,1495.625,2210.5,1784,1407.625,1260.5
491,1473,1931.875,1450.666667,2178,1366,3167.833333,2388.5,1570.1,1485.25,1565.5,1605.857143,1645.625,1562.5
492,6626.875,5528.625,6879.5,5196,7534,7314.666667,6919.5,7376.8,6401.625,7202,6300.785714,5877.25,4440
493,923,1135.5625,954.1666667,1490.5,1779,904.1666667,2372.5,1232.4,1195.25,1344,1478.928571,1292.875,810.5
"Fructose-1,6BP",1456.625,1910.9375,1224.166667,1927,1482,1282,1379.5,1413.8,1091.25,1343,1592.928571,1195.25,1616.5
495,245694.25,161688.375,249828.8333,239029.25,320208,260873.6667,166584,184678.6,180896.75,198619,184760.9286,221007.5,198619
496,1540.75,1798.375,1827.833333,1165.5,1237.5,1790.833333,1652,1702.1,1714.375,1384,1765.857143,2008,1483.5
497,5405.625,4889.5,4427.666667,6534.25,5468.5,4516.5,5059.5,5173.2,5208,5183,5844.928571,4605,4676.5
498,4787.75,3401.8125,4287.166667,5342.75,5903,5016.166667,3232,5305.6,5166.125,10802,6487.928571,5035.875,2715.5
499,931.375,1302.9375,922,1209.5,1490,1099.333333,1688,1087.5,1076.875,1573.5,1328.928571,1490.125,651
500,1802.5,2049.375,2144.833333,2053.375,2076.5,1878.166667,2816,1918.5,2058,1875,2389.214286,1860.25,1676
501,1218.25,1380.3125,1081,853.125,410.5,1291,590.5,1203.1,1218.625,641,723.4285714,992,1359.5
502,1668.5,1748.875,1419.5,1199.5,960.5,1676,1133,1644.8,1500.75,1166,1126.714286,1254.125,1934.5
503,569,1019.25,368.1666667,1520.375,1651.5,468.1666667,1780.5,793.9,818.5,1260.5,1061,866.25,588
504,1629,1886.3125,1409.166667,1961.5,2091,1494,1800,1868.3,1610.625,1617.5,1706.357143,1549.125,2133.5
505,2069.125,2136.5,1685.5,1594.5,1109.5,1796.166667,1764.5,1802,1652.75,1061,2082.357143,1705.625,2197
506,2059.375,2241.1875,2006.333333,1452.5,1291,2217,1438.5,1979.1,2152.25,1127,1550.785714,1678.75,2169
507,2062.125,1980.625,2140.666667,2126.875,1781,1833.666667,1568,2039.7,2240.375,1730.5,1605.785714,1832.75,2140
508,1754.5,2271.5,1727.666667,1734.75,1300.5,1481,1493.5,1619.6,1420.5,869,1183.785714,1287.375,1661
509,1166.75,1347.375,916.5,1636.75,1849.5,811,1589.5,1280,1360.375,1835,1308.5,1132.875,1266.5
510,3037.625,4256.0625,3918.166667,2639.25,2586,3731.5,2722,3880.8,3240.25,3685.5,3116.285714,3095.75,3321
511,1126.5,1766.1875,1368.5,2060.5,1589.5,837.8333333,1310.5,1457.5,1162.125,1632,1352.642857,1510.5,1159.5
512,112450,106273.6875,139691,123421.375,124458,118670.8333,112320,114585.9,106294.125,91865,102396.1429,139874.75,112320
513,1320.875,1953.875,1178.166667,1154.875,831.5,1167.666667,592,1188.7,1029,630.5,908.0714286,1333.375,1167
514,1901.875,1935.375,1616.666667,1367.375,983.5,2776.166667,882.5,2100.3,1631.25,2691,2294.5,2306.75,1724.5
515,1523.625,1672,1824.5,1359.75,1037,1696.5,1275.5,1645.2,1537,922,1718.071429,1838,1850.5
516,809.625,1419.25,742.1666667,2051.25,1604.5,767.6666667,1352,885.1,1046.5,1542.5,1073.5,884.625,838.5
517,1052.5,1656.75,907.3333333,2388.875,1991,1004,1448,1191.3,1211.625,1779.5,1174.714286,997.75,698
518,1343.75,1950.5,1265,2834.375,2285,1783,1644.5,2890.5,1480.375,2018,1604.428571,1301.25,1050.5
519,1135.875,1565.8125,1306.166667,1565.25,1030,1453.5,531,1205.2,1193.5,1169.5,909.8571429,1077.875,1367
520,1380.375,2174.3125,1595.5,1875.625,1420,1526.833333,895,1525.8,1577,1457.5,1208.785714,1400.625,1595.5
521,514.5,855.25,504.5,1540.5,1233,498.6666667,1218.5,694.4,710.5,1636,905.8571429,714.625,498
522,483.625,908.875,535,1565.875,1267.5,618.8333333,1362,766.6,823,1704.5,992.2142857,789.75,532.5
523,592.375,957.5625,638.3333333,1508.25,1152,628.5,1180.5,760.6,841,1686.5,922.5714286,780.75,615
524,539.75,819.375,590.3333333,1335.375,923.5,561.1666667,1047,701.4,705.375,1518.5,769.6428571,732.875,449.5
525,1387.625,1640.6875,1300.5,1468.375,1367.5,1106.166667,979.5,1463.6,1490.25,974,1358.857143,1622.625,1094.5
526,2055.25,2178.875,1977.666667,1381.25,1189.5,1843.333333,1395.5,1882.1,1806.5,997,1461,1602.375,1948
527,1668.875,1986.8125,1707.833333,1265.5,975.5,1593.166667,486,1628.2,1524,920.5,1224.785714,1289.5,2164.5
528,1986.75,1999.75,1909.833333,1572,1517.5,1964.833333,987,1734,1696.5,1060.5,1668.928571,1512.5,2200
529,2173.375,2095.5,2133.666667,1629.25,1707,2070,1275,1872.8,1895.125,1111,1810,1744.875,2266.5
530,492,1053.6875,729.1666667,1465,1404,304.5,1467,622.4,713.375,1657.5,1130.357143,897.875,470.5
531,620.625,867.8125,670.6666667,1398,1413,619.6666667,1218,657.6,731.625,2122.5,1088.428571,806.5,722
532,7749.375,5674.4375,7390,7027.875,9066,6703.833333,6647.5,7124.7,6362.25,5372.5,6245.142857,6505,5562
533,919,1339.4375,984.3333333,1488.25,1751,1204.833333,1845,1184.4,1251.75,1853,1577.785714,1819.625,784
534,1581.75,1905.625,1524.666667,2371.75,2280,1535,1330.5,1100.7,1126.75,1318.5,1378.214286,1564.25,1167.5
535,944.375,1471.125,1009.5,1487.25,1302,1403.5,1060.5,1112.7,986.5,1107.5,1189.428571,1348.625,1046.5
536,1399.25,2162.8125,1614.666667,1856.5,2046.5,2100.166667,1769.5,1668.1,4087.625,1923.5,2473.142857,1768.625,1620
537,1290814.75,1071199.063,1242238.667,1290814.75,1436543,1242238.667,562309,1319960.4,853630,853630,978559.2857,999358.25,853630
538,1267.25,1401.625,1277.666667,1859.75,1660,1553.333333,2111.5,1260.6,1288.75,1532.5,1554.714286,1832.125,1456.5
539,1890.625,2530.9375,2250.5,2301.625,1776.5,1834,1762.5,1887.7,1959,1845.5,1915.571429,1836.625,1632
540,1858.125,4004.1875,1963.833333,2205.75,2046,2040.5,1741,2255.5,2101.875,2107.5,2108.714286,1995.875,2427.5
541,1837.25,3312.0625,1887.166667,2182.875,2113,2078.666667,1697,2187.9,2069.25,2294.5,2100.714286,2013.75,2372
542,1667.5,3027.4375,1753.166667,1963.5,2181.5,2132.5,1793.5,2001.6,3171.75,1875.5,2058.714286,1771.5,2133
543,2029,3005,2084.833333,2154.375,2301.5,2830.333333,2236.5,2527.2,2429.625,2355,2525.571429,2234.5,2374
544,3537.5,4993.25,3444.166667,3765.875,3273,3392.833333,3265.5,3804.6,3518.625,3305.5,3310.928571,3185.75,3081
545,1869.625,2386.9375,1922.333333,2254.125,1719,1745.5,1822,1831.4,2203.875,1847,1838,1644.5,1442.5
546,774.125,956.5,829,1824,1340.5,1033.5,1234,1090.9,891.375,1087,1000.071429,840.25,566.5
547,1567.375,1714.3125,1425.166667,2159.875,1320.5,1602.166667,1471,1531,1479,1438,1355.142857,1396.875,1420.5
548,2644.5,2974.125,2588.166667,2944.25,2366.5,2804.833333,2856.5,2688,2423.25,3252.5,2615.785714,2448.625,2413.5
549,1704.375,2089.5,1586.666667,2081.25,1610,1699.666667,1665.5,1637.6,1544.875,1653.5,1537.428571,1552,1543.5
550,301.875,750,340.1666667,1284.25,1484.5,427.6666667,1333.5,607.4,622.25,1098,844.2142857,660.375,272.5
551,3356.125,2927.125,3474.166667,2976,3674.5,4647.833333,2688.5,3623.1,3553.75,7272,4629.214286,4529.625,2508
552,1638.125,1966.4375,1985,1908.625,2587.5,2176.333333,2509.5,1971.2,2090.25,2142,1971.571429,2025.75,1717.5
553,269339,217323.5625,307836.1667,265196.5,417418,208601.1667,198619,240847.6,196617.5,246677,237729.6429,228655.25,246677
554,1754.25,2222.0625,1987.166667,1324.125,1276,1803.833333,1832.5,1855.4,1814.625,1234.5,1701.428571,1715.875,1597.5
555,1111.75,1443.5,1420.833333,1539.5,1441,1357.666667,914.5,1103.4,1191.125,1363,1255.928571,1289.25,1388
556,1655.875,1823,1613.833333,1926.5,2485.5,1572,1892,1763.4,1771,2213.5,1797.285714,1526.875,1508.5
557,807.5,1340.6875,720.5,1673.125,2015,652.8333333,1595.5,966.5,967.125,1432.5,1332.928571,1013.875,811
558,1680,2748.1875,1553.166667,3313.5,2197.5,8130.166667,2486,1926.7,1660.5,2811,1950.857143,1539.125,2237.5
559,2080,3593,1659.166667,3083.125,2923.5,1975.5,2797,2149.3,2065.25,3089,2173,2031.125,2398
560,1006.5,1497.375,928.1666667,1306.875,1314,935,755,1077.4,848.625,1115.5,1060,922.75,977.5
561,1458.75,1720.3125,1377.666667,1635.375,1650,1371,1606,1579.8,1392.125,1610,1637.928571,1525.5,1315
562,562693.75,521457.5625,659672.5,580805.125,853630,457098.3333,417418,649859.2,441489.5,417418,431041.1429,465561,417418
563,1045.5,1454.75,1333.666667,1165.625,1135,1051.333333,2301.5,1106.6,1345.75,1483.5,1442.571429,1673.25,910.5
564,1391.625,1500.375,1604.666667,1816.75,1163,1131.666667,1438.5,1299.8,1393.75,1255.5,1351.142857,1501.375,1505
565,2071.5,2744.4375,2075,2463,1925.5,1887,1772.5,2069.8,1770.625,2197,2012.714286,2196.125,2046
566,1639.5,1981.0625,1764.333333,2079.125,1252,1322.666667,1441,1483.1,1454,1299,1426,1667,1590.5
567,1782,1825.25,1965.333333,1971.5,1510,1512.166667,1246.5,1495.8,1585.5,1450,1615.071429,1670,1564
568,1410.125,1416.875,1509.833333,1514.375,1242,1174.5,1165.5,1213.4,1249.25,1435.5,1321.428571,1368.5,1323
569,1311.375,1305.375,1216.5,1511.125,1372.5,990.8333333,1827,1095.9,944,1264,1279.642857,1147,998
570,1365.25,1376.5625,1213.166667,1511.875,1596,1036.833333,1552,1095.9,873.125,1206.5,1229.357143,1168.25,1104.5
571,1437.25,1490.3125,1301,1610,1700,1208,1681,1330.1,1022.75,1377.5,1421.214286,1269.75,1121.5
572,1425.75,1418.6875,1301,1537.5,1732,1171.5,1842,1316.1,1144.125,1128,1364.071429,1344.5,1198
573,1763.125,1924.125,1432.166667,1852.125,1541.5,1517.5,2407.5,1616.3,1784.125,1792,1797.928571,1572.75,1718.5
574,1776.25,1841.3125,1359.666667,1778.25,1511.5,1463.5,1777.5,1549.9,1503.25,1631.5,1496.285714,1469.75,1357.5
575,1473,1375.5,1582.5,1215.125,1243,1610.333333,860.5,1491.4,1276.875,803,1315.571429,1421.625,1262.5
576,523.125,1066.4375,743.3333333,1186.375,760.5,608,999.5,750.7,1017.875,783,882.7857143,554.875,808.5
577,1008.875,1492.1875,1244.166667,1747.75,1544.5,1137.666667,1629,1137.4,1260.75,1389,1492.071429,1021.5,1251.5
578,1113.25,1377.4375,909.6666667,1486.5,1394,1079.833333,641,953.4,1106.25,1129.5,1174.928571,1061.25,1706
579,46932.75,52621.375,58873.16667,52160.375,68670,38987,47442,60842.6,42621.25,44814,49911.57143,54051.375,40236
580,1320.5,1445.4375,1368.5,1652,1541.5,1264,2270,1429.7,1532.75,1353,1683.857143,1687.5,1203.5
581,1040.375,1955.4375,1339.666667,1112.5,879,1875.833333,507,1532.7,1333,1669,2182.714286,1499.375,863
582,1761.875,2152.5,2038.166667,1308.125,1421.5,2247.833333,1823.5,1988.9,1799.375,1167,1823.857143,1591.75,1816
583,1019.375,995.3125,599,961.625,854,907,1143,767.3,679.625,809.5,900.1428571,534.375,568.5
584,1657.75,1882.8125,1780.166667,1639.625,1623.5,1935.833333,1556,1711.4,1733.25,1478,1663,1704,2064
585,2460.625,2210.875,2953.666667,1975.75,2261.5,2296.666667,1879,2597.4,2994.25,2227.5,2303.142857,2413.375,2976
586,1915,2063.1875,2012.166667,2043.75,1497.5,2062.333333,2530,2090.6,1852.5,1769.5,1939.785714,1995.25,2209.5
587,1405.75,1600.5625,1401.166667,1605.625,1001.5,1429.166667,1879.5,1454.8,1371.625,1341,1256.857143,1319.375,1751
588,1462.875,1544.5625,1139,1749.75,1543.5,1563.666667,1457.5,1373.2,1472.625,1510.5,1436.928571,1255.375,1656
589,2505.375,2637.4375,2687.5,2996.625,3032.5,2350.666667,3640.5,2433.2,2745.875,2616.5,2867.285714,3277,2356
590,1509.25,1542.9375,1208,1848.625,1670.5,1440.666667,1705.5,1459.3,1456.875,1594.5,1564.571429,1424.875,1548.5
591,1620.875,1350.75,1133.5,1351.875,1272.5,1407.333333,969.5,1463,1393.625,1162.5,1350.785714,1062.5,1508.5
592,1608,1414.5625,1168.666667,1390,1251,1369.666667,1096,1587.7,1371.75,1294,1366.642857,1166.75,1648
593,1057.5,1429.5,1199.166667,1386.75,1863.5,1120.166667,1689.5,1407.1,1391.5,1702,1578,1236,1035
594,148381.5,148758.125,171773.5,147883.5,166584,133268,134100,154571,127349.125,124458,136021,143742,143742
595,1695.25,1682.375,2027.833333,1302.125,1236,1363.666667,2606.5,1784,1696.625,2018,1814.857143,2294.875,1544
596,1129.875,1529.125,1166.666667,1371.625,1524.5,1080,1929,1275.6,1154.375,1336,1360.214286,1343.25,959
597,882,1256.4375,1077.833333,1508.375,1175,1172.333333,926,1186.3,1003.625,1296.5,1040.071429,898.875,814.5
598,1223.375,1345.1875,1294.333333,1638,1195.5,1248.333333,1144.5,1353.5,1306,1419.5,1247.857143,1243.125,969.5
599,1206.875,1365.1875,978.3333333,1279,945,1241.166667,1035,1147.3,1289.375,1078.5,1036.5,1051.125,998
600,2628.875,2761.8125,2450,2847.25,2578.5,2361.833333,2727,2557,2545.625,2635.5,2559.571429,2477.375,2491.5
601,10072,8025.25,9918.833333,10249.5,11485.5,8956.833333,8272.5,8926.2,9494.75,8596.5,8066.285714,8962.375,6880.5
602,1496,1919.75,1711.833333,1595.125,1374,1404.833333,1215.5,1437.3,1549.375,1045.5,1186.5,1394.5,1680
603,1270.25,1638.25,1514.5,1426.5,1134.5,1214.166667,1062,1309,1398.125,818,1061.928571,1307.875,1590.5
604,1363.75,1560.0625,1483.666667,1375.875,1186,1387.666667,1034,1423.9,1511.5,867,1175.214286,1341.75,1778.5
605,1258.125,1370.375,1272,1696.875,1338.5,1374.166667,1186,1335.4,1440.625,1309,1378.714286,1250.125,1517
606,1695.5,2063.5625,1747.833333,2315.5,1869.5,1792,1605.5,1764.3,1880.5,1716.5,1792.142857,1753.875,2053
607,1978.125,1986.75,2129.833333,2217.625,2293.5,2089.833333,1583.5,1864.9,1979.25,1996,1966.285714,1796.125,1783.5
608,1639.5,1694.8125,1430.5,1388.25,1546,1372,1434,1393.3,1315.75,783,1322.571429,1432.5,1534
609,1594.375,1751.25,1447.666667,1275.5,1505,1278,1469.5,1323.6,1221.875,732,1215.071429,1417.625,1341.5
610,2153.125,2239.25,2308,1979.25,2383.5,2184.166667,2214.5,2132.2,2099.375,2124,2008.571429,2247,1898.5
611,14600.375,15540.9375,19227.83333,15817.125,22618,11645.5,22238.5,19026.4,14130.625,14750,16748.28571,16275.375,16312
612,1365.125,1511.375,1595.5,1572.875,1657.5,1176.666667,2666,1673.2,1697.875,2769.5,1891,1974.625,1417.5
613,1561,1968.0625,1453.166667,1996.25,1555,1570,1904.5,1521.1,1594.75,1673.5,1470.285714,1469.625,2141
614,1848,1923.875,1719,1882.75,1492,2220.333333,2534.5,1997.2,1828.625,1635,1828,1675.375,2596.5
615,1447.5,1608.625,1415.5,1946.25,1807,1361.5,1821,1435.3,1241.5,1490,1620.642857,1291,1746
616,1524,1700.375,1345,2162.25,2224.5,1780.833333,1982,1976.3,1692.625,3850.5,2159.5,1996.75,1329.5
617,1661,1514.4375,1374.166667,1314.625,512,1612.833333,828,1451.6,1355.125,1015.5,1271.714286,1466.375,1275
618,1606.625,1459.625,1334.833333,1375.25,949,1626.166667,907,1338.5,1350.125,734.5,1134.214286,1328.125,1497
619,1831.5,1591.5,1650.166667,1526.125,1235,1840,1133.5,1624.9,1470,1062,1361.642857,1539.375,1528
620,1610.625,1688.25,1495.5,1931,1608.5,1523.666667,1013.5,1363.7,1427.75,1470.5,1473.214286,1370.375,1482.5
621,1573.875,1758.5,1612.333333,1963.875,1777,1442.5,1316,1523.2,1669.875,1600,1570.071429,1559.75,1496.5
622,1003.625,1404.375,1076.666667,1191.75,1497,1180.166667,1678.5,1196.4,1239.875,1875,1326.571429,1239.375,1492.5
623,1449.875,1501.75,1271,1735.5,2397,1247.166667,1435.5,1202.6,1242.75,1458.5,1558.357143,2350.25,1658
624,1568.875,1888.5625,1625.5,1422.125,1450.5,1644.666667,928.5,1522.4,1665.125,1037.5,1303.5,1747.25,1526
625,1489.625,1734.5,1568.666667,1318.875,1263.5,1383.833333,1034.5,1375.8,1593,1022,1218.428571,1326.125,1544
626,1269.25,1812,1123,1675.75,1868,1109.5,1094.5,1183.3,1265.375,1943.5,1436.285714,1269.125,1382
627,1489.125,2054.75,1505.833333,1862.625,2208.5,1346.5,1199,1422.6,1454.25,2176,1643,1571.25,1559
628,3644,12492,3265.666667,7253.25,3030,5175.166667,2384,3451.1,4159.875,3749.5,3183.357143,3681,3542
629,1564.875,1996.875,1409.666667,1778.625,2059.5,1516.833333,1503,1391,2330.25,1413,1570.571429,1399,1594.5
630,2295.75,2752.5625,1884.5,2524.875,1538.5,2597.166667,1142.5,2076.5,2143.375,1918,1743,2113.75,2105.5
631,1957.5,1921.375,1673.833333,1737.75,1561,1896.333333,1333,1800.8,1627.125,1769.5,1612.357143,1815.5,1772.5
632,6676.125,5193.75,6806.5,6123.375,7776,6513.333333,5857.5,7153.2,5727.125,6452.5,6259.142857,6149.375,6101
633,1243.375,1498.5,1051.833333,1515.875,1245,1286.333333,996.5,1370.3,1159.875,1379.5,1149.428571,1207.5,1004.5
634,3242.625,2590.5625,2573.166667,2784.25,2368.5,3138,1870,2822.8,2444.875,2132.5,2529.5,2814.625,2718
635,1436.375,1514.5625,1300.833333,1642.5,1447.5,1502,1453.5,1583.2,1397.5,1540,1504.785714,1395.625,1153
636,1590.375,1639.8125,1568.5,1652.125,1496.5,1604.333333,1658,1793.1,1570.25,1807.5,1616.5,1420.5,1349.5
637,513935,336268.1875,433311.6667,617027.875,562309,611119,320208,409880.1,332359.25,320208,413681,393115.5,320208
638,12567.375,8554.5625,12390,14281.375,14183,11323.16667,4676,12849.9,12771.5,16843.5,13580.21429,11371.25,7973
639,1175.5,1466.375,1126.5,1391.75,980,1257.166667,1350.5,1293,1121.625,1345,1103.857143,1123.875,1492
640,1738.25,1830.5625,1779.666667,1592.75,1621.5,1611.5,1052.5,1652.3,1551.125,2138,1610.285714,1680.5,1853
641,1625,1824.4375,1627.5,1569.625,1440.5,1570.333333,1297.5,1563.7,1553.875,1788,1731.571429,1669.625,1720.5
642,2539.875,2656.1875,2888.833333,2478,3137.5,3215.666667,2391,2441.3,2675.375,2688.5,2650.642857,3202,1759.5
643,1364.375,1408.4375,1788.5,1428.75,1546.5,1593.166667,1709,1533.1,1476.125,2050,1565.642857,1807.375,1238.5
644,1069.5,1399.25,1098.333333,1141.375,1006,1001.333333,1313,1123.4,1164,1103,1045,1072.375,1404
645,1618,1641.75,1808.333333,1591.75,1404.5,1517.833333,1459,1669.4,1475.75,1503,1407.714286,1581.625,1743.5
646,1612,1628.375,1861.333333,1510.125,1506.5,1384.666667,1436.5,1521.1,1430.625,1349.5,1355.142857,1477,1722.5
647,984,1160.75,1006.833333,1432.75,1202.5,1255.166667,1227.5,1014.9,1198.25,923.5,1012.142857,1032.125,916.5
648,1060.375,1561.25,1179.666667,1413,1468,1178.333333,1350.5,1276.1,1286.625,1191,1243.857143,1146.375,802
649,1500.875,1906.125,1616.166667,1745.375,1614,1572,1511,1339.6,1471.375,1640,1425.214286,1524.375,1674
650,1012.5,1194.9375,921,1200.75,904.5,1143.5,661,1212.4,929.5,912,1125.5,1149.875,984.5
651,2455,2420.4375,2382.833333,2643.5,2352,2381.333333,2349,2251.8,2365.25,2496,2289.071429,2295.75,2336.5
652,1747.75,1936.1875,1726.5,1597,1584,1557.833333,1331.5,1613.7,1782.75,1825.5,1779.285714,1751.625,2112
653,1349.625,1476.25,1411.833333,1613.5,1760,1271.833333,1261.5,1486.5,1544.875,1160.5,1346.285714,1276.375,1918
654,1410.25,1625.375,1401.166667,1579.25,1106,1690.5,1363,1472.3,1442.75,1811.5,1639.5,1486.625,1146
655,1426,1358.6875,1246.333333,1139,1372,1450.5,1346.5,1373.9,1444.125,1400,1320.714286,1479.5,971.5
656,3334.5,2312.3125,3065.5,2001.875,3941.5,3308.333333,1964.5,3010.9,2450.625,2184,2620.071429,2540.875,2067
657,2101.75,2175.25,2140.833333,2004.25,1936.5,1832.833333,1648.5,1969.8,1984.75,2257,1804.785714,1933.625,2320.5
658,5719.75,13239.0625,5305.666667,7085.25,5831.5,5056.666667,5233,5422.3,5147.25,5499,5111,5187.875,5482.5
659,2279232.75,2975164.75,2073152.333,3432368.25,2391457,2073152.333,1436543,2593863.8,1928280,1436543,1914000,2152728.5,2391457
660,2462.875,2658.75,2275.666667,2624.5,2765.5,2377.333333,2224.5,2482.3,2526.625,2527,2489.714286,2385.625,2690.5
661,834,864.8125,922.5,781.375,796.5,889.8333333,942,902.8,894.375,1035,848.5714286,838.75,912
662,20944.5,13118.1875,16834.83333,14532,30952.5,21284.16667,8428,15377.4,12459.625,7686,11158.42857,13865.25,10478
663,8588,5820.375,7721.833333,5928,7776,10233.5,6100,7971.5,6696.125,7012,7378.714286,8632.875,7851.5
664,1429.5,1447.5,1328.166667,1277.25,1265.5,1319.166667,1177.5,1303.8,1424.75,1302,1218.571429,1465.5,966.5
665,5827.375,4396,5516,3806.75,5372.5,7802.166667,4690,6665.1,5822.125,5917,5725.142857,6513.875,7523
666,1503.625,1463.5625,1509.333333,1322.25,1888.5,1881.5,1830,2243,1608.75,1124,1395.928571,1311.5,1193.5
667,5243.25,3577.375,4447.333333,3168.875,5318.5,5299.166667,2876,3986.9,3592.375,2633.5,3699.571429,4160.875,3845.5
668,2107.75,1699.0625,2154.666667,1592.25,1870,2825.666667,2315.5,1921.5,1948.25,1773.5,1977.5,2023.625,2040
669,1142.125,1141.9375,1180.333333,1059.875,1438,1554.833333,1519.5,1222.6,1068.75,857,1085.642857,1039.75,574.5
670,3263.625,2244.125,2869,2178.375,4642,3275,2143.5,2374.9,2550.375,2227,2445.071429,2722.125,1446.5
671,913.25,1001.875,794.1666667,767.25,949,1288.166667,776,1948.2,955.25,795.5,887.0714286,1048.5,635
672,2413.875,2231.125,2418.5,1923.625,2606.5,3571.166667,2420,2866.8,2308.5,1981,2304.071429,2227.625,1951
673,2372.625,2020.0625,2251.5,1900.625,2085.5,2961.333333,2242.5,2528.6,2500.375,1977.5,2217.642857,1870.875,2116.5
674,4153.375,2964.4375,4001.666667,2558,4143.5,4688.166667,2742,3182.9,3114.5,2760,3213.928571,3892.875,3431.5
675,2011.75,1526.3125,2046.166667,1426.625,2047.5,2401.333333,2568,2180.1,1822.875,1437.5,2160.142857,2276.75,1898
676,1810.5,1597.375,1716,1355.375,1954,2230.166667,1814,1776.4,1657,1135,1703.714286,1458,1393
677,2320.25,1947.5,2214.666667,1987.875,2412,2584.666667,1668,2082.1,2229.125,1449,2276.285714,2127,1967.5
678,752.375,794.75,968.3333333,862.5,786.5,944.1666667,842.5,1041.7,1933.25,2722,1633.857143,1260.125,1274.5
679,3612.5,3061.0625,3425.166667,2964.125,4106.5,4208.833333,2610.5,3791.4,2827,2854.5,2984.428571,2753,2811
680,4083.75,3268.5,3777.333333,3764,4289.5,4821.5,3821,4384.7,3909,3494,3692.071429,3593.25,3024
681,1319,1239.25,1389,1208.125,1467.5,1602.5,1227,1241.5,1429.25,1283.5,1373,1375.375,1053
682,2111.25,2065.1875,1907.666667,1996,2140.5,2825.833333,1817,3005,2986,2047.5,2587.928571,1966.625,3186.5
683,2350.125,1902,2321.833333,2063,2903,2481.5,1590.5,2195.7,2117.5,2014.5,1964.5,2255.125,2071.5
684,1576,1500.375,1917,1656.25,1665,2182,1607,1621.8,1745.125,1324.5,1720.642857,2004.625,1160
685,14483.375,9269.25,14780.5,11893.75,12651.5,16627.66667,8965.5,11249.8,11185.625,11795.5,11428.21429,14225.375,10764
686,8030.875,5572.125,7294.166667,4759.875,7761,8895,7356,7593.3,6817.75,6698.5,7185.357143,8251.125,7902
687,1341.75,1018.625,1261.833333,1134.875,1196,1704,1119,1359.7,1126,908.5,1127.642857,931,869.5
688,1515.75,1281.5625,1311.5,1167.125,1644.5,1603.5,762.5,1415.1,1473,1035.5,1495.357143,1615.125,1217.5
689,1871.125,1836.5,2010,1559.625,1994.5,2374.166667,1654,1847.2,1807.875,1624.5,1641.857143,1765.375,1561.5
690,2649.125,2235.625,2245.166667,1678.75,2808,2786.166667,2236.5,2582.1,2170.375,2002.5,2154.5,1929.5,1909
691,6180.5,5195.125,5343.666667,4657,6821,7147.166667,4131.5,6029.3,6105.5,4622.5,4631.357143,4505.125,5058
692,3753.25,2895.4375,2950.5,2123.375,3678.5,3827.166667,2496,4272,3341.625,3216.5,3174.571429,2732.375,3338.5
693,1683,1911.5625,1491.333333,1732.25,1620,2360.666667,1532.5,2771,2173.25,2049.5,2175.785714,1612.25,2758.5
694,2846.375,2003,2541.166667,1794.75,3382.5,3225.166667,1758,2185.8,2077.375,1714,1976.642857,2390,1573.5
695,25522.5,18089.3125,24251.5,24289.875,26389,27598.16667,15410.5,21795.5,20603,19077,18547.5,21993.125,22641.5
696,6249.125,5317.25,6928.833333,4688.125,5409.5,6999.666667,5069.5,5340.2,5856.125,5713,5764.571429,6882.625,5565.5
697,6776.375,5598.0625,7475.333333,4549.75,5889,7404,6606,6108.5,6220,5889,6456.142857,7302.375,6491.5
698,2371.5,1991.8125,2152.5,1781.75,2562.5,2565.333333,2351.5,2347.7,2237.625,2576.5,2595.928571,2873.625,2204.5
699,10138.625,8047.125,10242.66667,8085.875,10111,11459.16667,7575,8683.5,9013,7642,8377.071429,9791.5,9418
700,3477.75,2543.875,3511.333333,2149.375,3433.5,3409.166667,2490,3184.1,3135.875,3359,2723.428571,3129.875,1949
701,785.25,683.3125,842.6666667,915.5,1489.5,852.6666667,175,714.1,774.875,735.5,509.6428571,771.875,706
702,799.5,906.875,984.1666667,916.625,925.5,1170.333333,926,823.8,939.25,1189,828.1428571,815.625,975.5
703,5100,4418.375,5030.833333,3885.375,5553,6970.666667,5372,6052.1,5375.25,5869,5675.5,6266.375,6640
704,1911.875,1692.9375,1955.666667,1475.75,2067.5,2338.166667,1566,1788.5,1891.5,1531,2121.357143,2058.25,1476.5
705,1907.5,1609.4375,2207.666667,1730,2324.5,2155,1129,2003.6,2232.125,1224,1886.785714,2062.375,1280.5
706,2210,1710.625,2090.333333,1586.5,2177,2244,1284.5,1957.8,1743,1720,1848.928571,1935,1428.5
707,1465.875,1162.5,1548.833333,1233.5,1799.5,1611.166667,873.5,1299.6,1303.875,1336.5,1253.785714,1338.75,1156.5
708,18006.875,14322.8125,17431.16667,16560.25,19526.5,22831.33333,14339.5,15626.7,16987.25,13376,14519.5,15421.25,18493
709,10862.125,10154.625,12597.83333,10668.25,11958,12786.5,10783,11128.4,10641.25,11648,11460.42857,11669.375,11633
710,5870,5166.1875,6217.833333,4977.875,6618.5,7240.666667,5625,5740.8,6160.5,5784.5,5737.428571,6072.375,6279.5
711,1776.5,1429.5,1693.166667,1566.625,1808.5,1865.666667,1076,1521.4,1455.5,1515,1508.928571,1494.25,1555.5
712,1483,1250.9375,1452,1402.875,2069.5,1851.333333,973,1498.8,1365.125,1048.5,1454,1310.375,1485
713,2423.625,2020.75,2484.166667,1838.5,2793,2666.166667,1822,2420,2356.625,2166.5,2398.357143,2425.5,2045
714,1778.5,1638.125,2197.333333,1544.5,1907.5,2268.5,1717.5,1726.9,1883.25,1630.5,2659.785714,2098.375,1507
715,1500.75,1185.1875,1494.333333,1194.75,1449.5,1536.5,966.5,1332,1153,1166.5,1280.928571,1268.25,998
716,2184.375,2150.8125,3107.5,1870,2873,3026.833333,3113.5,2131.9,2826.125,2558.5,3176.428571,3849,1711.5
717,56348,43385.75,54644.33333,72619,63130,66681.66667,24808,49187.6,38203,38130,40420,49451.75,36383
718,7013.25,6046.4375,6731.333333,5557,8249.5,9752.5,7902,9019.6,8078.875,8622,7776.642857,8919,8872
719,1961.5,1618.4375,1953.333333,1660.5,2182,2066.833333,1234.5,1825.9,1744.625,1331,1787,1879.75,1572.5
720,1546.25,1321,1697.666667,1316,1783.5,1718.666667,929.5,1377.1,1285.375,1201.5,1371,1458,1007.5
721,1397.625,1331.9375,1375,1321.625,1823.5,1561.166667,786,1410.1,1318.625,1321,1379.571429,1286.375,1288
722,4620.625,4117.9375,5480,4356.5,6069,5836.5,2600,4234.4,4106.875,4376,4248,4713.5,5297
723,15673.875,12803.4375,16317.66667,19474.75,18209,15987.66667,8048,13382,12521.625,11045,12668.5,12701,14360.5
724,6595.375,4910.9375,5536,5238.125,7870,6362,3724.5,5387.7,5402.5,5163.5,4845.571429,5654.875,5396.5
725,13501.5,9668.875,12946.16667,15907.75,16312,13231.83333,7007,11799.4,12744.25,8071.5,10070.21429,11214.25,9744
726,5438.125,5308.5625,7704.166667,4523.5,6874.5,7734.833333,7768.5,4757,6849.5,6278,7049.285714,7710.75,3690.5
727,4420.125,3197.3125,4411.166667,3466.125,5018,4357.833333,2674,3850,3906.875,3707,3420.142857,4114.875,3077.5
728,6666,6803.25,9534.333333,5360.75,8722,9213.333333,10224.5,7026,8725.75,8115.5,9535.714286,12088.375,5153.5
729,1403,954.1875,1432.333333,1095.25,1315,1326.833333,1273,1211,1550.75,1259.5,1418.214286,1932.375,1296
730,26054.875,17599.75,23283.66667,26422.625,33027,23466.5,13576.5,23233.2,19447.625,15627,16548.42857,19714.5,20110.5
731,1367.375,1226.75,1550.333333,1253.625,1572,1422.5,955.5,993.5,1258.25,701.5,1186.785714,1453.375,1237.5
732,29872.875,22096.75,29724.83333,33713.375,36383,30736.16667,16834,26864.5,24418,24329,23286.21429,28671.25,24329
733,4623.625,4294,5601,3135.5,5550,4786,5831.5,4916.6,5044.75,5479,5056.785714,4680.25,4432.5
734,6382.75,5718.5625,7194.666667,6494.75,6777.5,7183.666667,3622,5226.7,5005,4814,5415.285714,5768.75,6381
735,4896.75,4518.125,5316,3496.125,6053,5520.5,5713,4790.9,4912,5176,5053.642857,4834.125,4313
736,4873.125,3573.8125,5275,3858.625,6231.5,4888.833333,2474,4134.6,4223.25,3986,3716.428571,4275.5,3653.5
737,5005.125,3813.875,5081.666667,4166,6569.5,5215.333333,2797,4204.5,4219.75,3694,3857.5,4564.5,3067
738,43857.25,31179.1875,40965.66667,48206.5,46034.5,43934.83333,22238.5,34656.9,31293.75,26968.5,31473.07143,35354.375,31627
739,116446,78275.1875,102368.5,139404.75,112320,132696.8333,30227,86784,84137.25,58241,67778.14286,91051.375,92375
740,1140.25,1002.3125,1133.166667,1065.875,1321.5,1259.833333,872.5,1038.6,1030.75,869,1099.785714,1204.625,812
741,8696.5,4837.75,7729.166667,6002.75,7835.5,7127.166667,4940.5,6479.1,6680.125,5580.5,6124.785714,6993.25,5433
742,30708.5,20073.625,27643.33333,28460.625,34625,26180.16667,18509,27919.7,24137.5,23424,20297.21429,26393.875,20112.5
743,10411.125,7009.375,9492.833333,9490.625,10621,9259.666667,6278,8195.3,8239.5,7590,7126.357143,8877,7105
744,1426.375,1383.5,1325.5,1149.875,1484.5,1268,1698,1290.5,1408.625,1720,1522.071429,1347,1280.5
745,2979.5,2417.875,2926,2446.75,3285.5,3086.166667,1971.5,2682.7,2606.75,2388.5,2658.928571,2702.125,2137
746,9853.5,8071.75,8566.333333,5522.375,10904.5,6041.333333,9865.5,8372.8,10037.875,10367.5,8927.285714,7891.125,7709.5
747,3407,2683.375,3707.666667,2952.25,3946,3625.333333,2209.5,2820.1,2715.75,2577.5,2970.142857,3097.875,2926.5
748,2684.375,2113.875,2835.666667,2197.125,3031.5,2882.666667,2208.5,2495.6,2396.125,2181,2374.071429,2643.625,2433.5
749,1100.625,998.75,1094.833333,942.375,1298.5,1337.833333,1346.5,1022.3,1115.125,1143,1125.357143,1120.375,1083.5
750,1639.75,1207.125,1557.5,1239.5,1577.5,1741,836,1411.3,1383.625,1345,1407.714286,1630.875,1226.5
751,2393.375,1908.875,2249.833333,1792.625,2276,2494.833333,1540,2217.5,2199.375,2237.5,2074.071429,2320.125,1788.5
752,2170.875,1409.75,1975.333333,1720.125,2036,2068.166667,1494.5,1638.2,1661,1668,1762.142857,1768.375,1242.5
753,4169.75,2572.8125,3693,2811,3869,3456.666667,2766.5,3190.9,3615,3093,3355.714286,3772,2750
754,3588.125,2765.625,3531,2880.25,4296.5,3641.333333,2232.5,3208.3,3160.25,2763,3133.928571,3437.375,2617
755,19665.375,13601.3125,19002.5,20874,20460,18575.83333,10224.5,16652.8,15590.625,15183.5,13750.85714,15222.5,12478
756,1484.625,1364,1323,1236.375,1545,1382.166667,877.5,1174.7,1206.5,850,1234.714286,1524.5,1351.5
757,4505.5,2831.75,3885,3014.75,4127.5,3903.333333,3234.5,3667.7,3839.75,3141.5,3587.642857,4031.75,2675.5
758,4120.375,2949.8125,3733.833333,3190.75,3779.5,3962,3075,3813.3,3949.875,2815,3643.428571,4139,2913
759,39531.375,29689.5625,36014.66667,50416.75,46034.5,41018,18226,32091.6,25638.25,25287,27111.64286,31267,26389
760,3649.625,3310.125,3715,1926,3360,2209,4043,2943.5,3175.25,4119.5,3389.642857,3569.25,3589.5
761,4136.75,3323.75,4491.666667,3714.625,3942,4241.166667,2293.5,3264.5,3030.625,3141,3370.285714,3636.375,3447
762,1337.5,1327.5625,1416.5,1059.375,1328,1509.166667,1960,1217.2,1547.25,1534.5,1539.357143,1741.75,1447
763,15480,13368.125,14063.16667,10366.875,19077,9443.333333,19776,15883.5,16595.875,16573,15111.71429,13311.25,11821.5
764,1672.875,1591.5,1814.166667,1150.625,1665.5,1605.166667,2044,1550.6,1778.125,2044,1854.142857,1709.75,1629
765,5339,4265.25,6198,3498.75,4106,4686.833333,5552.5,4798.3,6298,3793,5526.642857,6822.25,8887.5
766,2689.875,2195.75,2807.166667,2014.875,2628.5,2835.833333,1692,2336.5,2253.125,2299.5,2263.571429,2423.375,2033
767,3262.75,2440.625,3918.666667,2426.875,3023,2973.833333,3595.5,2986.2,3792.5,2643,3405.142857,4250.875,4568
768,3050.75,1899.875,2799.5,1985.25,2649,2797.666667,2243.5,2245.3,2368.125,2137.5,2488.428571,2672.375,1814.5
769,2598.75,2177.3125,2950.666667,2150.875,2826,2907.166667,1681,2277.1,2176.875,2164.5,2294.714286,2568.625,2240
770,1516,1413.4375,1648.5,1246,1711.5,1662.833333,1426,1503.5,1533.75,1552.5,1612.214286,1599.125,1292.5
771,1654.625,2077.1875,2180.333333,1415.125,1709,1981.166667,4527,1797,3014.75,2960,3191.857143,2986.25,2362
772,35827.25,26039.75,31624.16667,45668.75,40236,34375.83333,16312,27638.7,22742.75,21859,24338.21429,26308.625,25287
773,56234.375,33077.4375,40946.5,67110.375,54523,51856.66667,20796.5,41484.2,33163.875,26968.5,31484.14286,38720.125,28148
774,1771.875,1615.4375,1816.166667,1374,1617,1850.833333,2474,1579.5,1906.625,1937,2063.071429,2054.75,1723
775,10528,8001.0625,10318.83333,10858.875,10228,10778.5,6179,7608.5,8258.5,7202,7203.642857,8495.375,8253
776,19866.375,13986.75,19893.33333,20818.5,21859,19012.83333,11191.5,15974.9,15396.125,13399,14646.28571,15220.125,14966.5
777,1536.5,1425.9375,1536.166667,1155.25,1450.5,2189.666667,2601,1370.4,2677.125,2368.5,2340.714286,2084.625,2182.5
778,25314.375,18981.75,25487.66667,30730.5,30213,25192,14966.5,23693,22020.625,21144,20009,21578.5,22284
779,964.125,1239.6875,1298,881.625,966.5,1450.833333,2906,1141.7,1934.5,1994.5,2204.428571,1762.125,1682
780,1956.875,1473.1875,1862.333333,1694.375,2006.5,1978.166667,1416.5,1692.6,1641.25,1686,1743.5,1933.625,1392.5
781,1922.375,1648.875,1940.666667,1608.625,2095,2099.5,1564.5,1997.4,1962.125,1873.5,1896.357143,2211.875,1526
782,1202.125,1290.5625,1321,1082.875,1214.5,1371,1577,1336.1,1409.125,1615.5,1532.642857,1476.375,1315.5
783,1205.125,1237.5,1371.333333,922.25,1279.5,1185.833333,2184.5,1307,1450,1490.5,1460.285714,1451,1235
784,1777.375,1628.75,1762,1466.875,2019,1737,1601.5,1696.8,1792.375,1573,1819.285714,1947.75,1402.5
785,1083.125,1156.5625,1028.833333,1003.125,1029,1070.333333,1064,1092.6,994.375,1158,1112.571429,1107.875,915.5
786,2261.375,2002.6875,2058.5,1888.125,2450,2450.666667,2214,1989.1,2196.625,2276,2139.357143,2601.25,2180.5
787,2727.125,2749,3224.166667,2222,3582.5,2560.666667,4376,3224.7,3051.5,3420.5,3361.642857,3209.5,2233
788,4172.625,3148.75,4116,3563,4305.5,3866.833333,2424,3739.3,3492.375,3166,3426.714286,3848.375,3043
789,1999.625,1966.625,2098.5,1794,1984.5,2038.166667,2188.5,1929.2,1832.25,1854.5,2109.928571,2224.375,1963
790,1741.75,1686.9375,1955.5,1421.625,1683.5,1673.833333,2508.5,1810.1,1733.75,1946.5,1919.785714,1839.375,1830.5
791,1282.625,1450.75,1502.833333,1142.875,1600,1530.333333,1158,1446.9,1425.25,1394.5,1522.142857,1393.5,1485
792,1700.375,1683.5625,1748,1535.625,1878,1721.833333,1528,1699.9,1787.25,1625.5,1652.071429,1828.125,1774
793,1774.875,1901.4375,2338.5,1515.375,2365.5,1907,3127.5,2205.5,2261.125,2404,2527.785714,2262.25,1751
794,1486.25,1559.75,1620,1403.5,1635,1669.5,1342.5,1620.8,1537.75,1594,1708.857143,1747.25,1375.5
795,1284.25,1499.6875,1670,1194,1662,1255.166667,2146.5,1506.1,1691.625,2074.5,1772.928571,1888.125,1123
796,1487,1395.5,1596,1244.375,1168,1852.166667,1392,1365.7,1609.875,1556.5,1642.214286,1586.125,1348.5
797,1386.875,1436.5625,1624.166667,1197.125,1474.5,1544.833333,1643.5,1446.3,1486.375,1454.5,1633.428571,1751.5,1332
798,1056.625,1343.5625,1363.833333,934.5,1031.5,1577.333333,3646,1330.5,1667.75,1772.5,2000.642857,1736.625,1471
799,5937.375,4542.625,5183,4475.75,5686.5,5412.833333,4119,4907.3,4716.625,4632,4606.357143,5143.625,4676.5
800,1536.375,1597.0625,1627.833333,1323.625,1672,1769,1270,1623.8,1526.875,1645,1645,1727.875,1320
801,1897,1837.5,2270.333333,1531.75,1523,2636.333333,3406.5,1908.7,3790.125,3551.5,3003.642857,2647.625,3125
802,3300.25,2499.875,2954.666667,2668.375,3556.5,3233,2150,2737,2625.875,2423.5,2515,2778.375,2462
803,2115.125,1818.0625,2177.5,1681.125,2131,2133,1719,2014.9,2108.875,2199.5,2112.642857,2224.375,1652.5
804,1629.5,1541.5,1741.333333,1409.75,1877.5,1683.166667,1342.5,1490.7,1541.875,1296,1568.5,1982.75,1609.5
805,1322.625,1450.25,1466.833333,1239,1589,1536,1339.5,1465.2,1512.125,1636,1677.357143,1547.75,1230
806,1151,1409.125,1321.333333,1033.625,969,1413,2711,1287.1,1863.875,1813.5,1931.571429,1481.75,1578.5
807,1805.375,1727.5,1795,1474.625,1725.5,2076,2567.5,1635.9,2051.125,1856,1941.357143,2026.125,1629.5
808,2509.75,2319.3125,2509.666667,2064.25,2883.5,2739.166667,2013,2597.9,2502.375,2491.5,2461.785714,2729.375,2185
809,1384.875,1509.5,1553.166667,1214.125,1391,1807.333333,2103.5,1392.5,2120.625,1987,1893,1774.25,1668
810,2605.625,1758.25,2308.333333,1980.625,2510.5,2431.166667,1651.5,1750.2,2051.75,1871.5,2012.142857,2054.75,1413.5
811,1440.75,1433.625,1407.5,1323,1690.5,1592.166667,1258,1370.6,1440.125,1282,1517.714286,1539.5,1073.5
812,3055.625,2497.1875,2895.666667,2392.375,3355,3185.666667,2682,2691,2848.125,2487,2587.142857,2810.625,2551
813,2359.625,2099.4375,2462.333333,2156.25,2564.5,2601.166667,1449,2171.8,2077.375,1965,2165.928571,2325.875,1977.5
814,6946.875,5428,5990.166667,5886.5,7012,6285.833333,4588,5913.3,5771.5,4959.5,5071.142857,5772.25,5777.5
815,2592.125,2177.8125,2632.666667,2032,3142.5,2827.5,2341.5,2614.5,2559.625,2072.5,2450.071429,2545.125,2788.5
816,2002.125,1768.3125,2091.666667,1777,2350,2029.166667,1473.5,1733.1,1685.25,1635,1724.785714,1880.25,1693
817,2169.625,1766.6875,2068.5,1825.75,2130.5,2017.166667,1249.5,1930,2001.25,1825,1799.571429,1992.25,1700
818,1625.625,1505.625,1908.833333,1557.375,1853.5,1736.166667,1319,1668.9,1619,1212.5,1564.428571,1703.375,1107.5
819,1125.625,1197.8125,1178.166667,1155.5,1235.5,1441.833333,990.5,1104,1049.25,1011,1124.5,1082.375,1008
820,4100,3388.4375,3879.333333,3111.125,4287.5,4267.333333,2887,3947.7,3953,3862.5,3679.285714,3785.125,3696
821,2546.75,2312.75,2611.666667,2196.625,2992.5,2756,2092,2781.3,2588.625,2656,2335.857143,2710.25,2400.5
822,843.5,1070.0625,1252.666667,791.375,843.5,1029.166667,3405,1146.3,1819,1420.5,1877.642857,1533,1451.5
823,1611.125,1650,1738.166667,1466.875,1732.5,1729.333333,1266,1635.5,1596.375,1607,1554.857143,1573.75,1454.5
824,2586,2136.875,2774.333333,1997.75,2919,2492.333333,2427,2434.1,2851.5,1937,2561,3136.875,2327
825,2458.125,2226.5,2384.5,2011.375,2702.5,2481.5,1892.5,2451.6,2211.375,2720,2269.571429,2068.75,2020.5
826,1823.875,1752.5625,1710.833333,1500.75,1938.5,1831.666667,1601,1928.3,1796.5,1724.5,1815.142857,1846.625,1551.5
827,924.875,1004.6875,1064.166667,639.5,953.5,1546.833333,1246,1029.2,1068,1034.5,1173.785714,1145.125,953
828,808.625,880,817.3333333,622.375,710,1402.666667,787,834.9,1021.375,1268.5,1299,1202.25,620
829,1734.5,1622.25,1886.166667,1053.125,2421,1981.166667,1288,2118.3,1425.625,1336,1392.571429,1443.875,742.5